"chs,RTServiceAudit"
"chs,ServiceProperty"
"chs,ServicePropertyAudit"
"common,AlertSAServiceAudit"
"common,GroupSupportUser"
"common,MerchantMigrationServiceAudit"
"common,MerchantServiceAudit_Arc"
"common,RTServiceAudit"
"common,ServiceClient"
"common,ServiceClientAccess"
"common,ServiceClientPMS"
"common,ServiceClientUser"
"common,ServiceCode"
"common,ServiceDowntime"
"common,ServiceFee"
"common,ServiceHostConfiguration"
"common,ServiceProperty"
"common,ServicePropertyAudit"
"common,ServiceServiceCode"
"common,ServiceStatus"
"common,ServiceType"
"common,SupportDataSourceRequest"
"common,SupportDataSourceResponse"
"common,SupportEventOps"
"common,SupportFunction"
"common,SupportGroup"
"common,SupportGroupFunction"
"common,SupportGroupUser"
"common,SupportMessage"
"common,SupportNote"
"common,SupportPayerSet"
"common,SupportPayerSetGroup"
"common,SupportRequest"
"common,SupportRole"
"common,SupportRole_Bak2"
"common,SupportServiceCodePayerSet"
"common,SupportTask"
"common,SupportTaskUser"
"common,SupportTeam"
"common,SupportTeamUser"
"common,SupportUser"
"common,SupportUserAudit"
"common,SupportUserCommission"
"common,SupportUserCommission_0318"
"common,SupportUserConfig"
"common,SupportUserLoginAudit"
"common,SupportUserLoginChangeAudit"
"common,SupportUserPasswordHistory"
"common,supportrole_backup1115_1102AM"
"common,supportrole_bak"
"cred,ApplicationSetSupportUserHistory"
"cred,NPDBServiceAudit"
"dci,DentalServiceType"
"dci,PayerService"
"dci,PayerServiceAudit"
"dci,RTServiceAudit"
"dci,SAServiceAudit"
"dci,ServiceClientProperty"
"dci,ServiceConfiguration"
"dci,ServiceCredential"
"dci,ServiceInfo"
"dci,ServiceProperty"
"dci,ServicePropertyAudit"
"dci,ServiceTypeProcedure"
"dci,arc_Claim_RTServiceAuditID_Delete_List"
"dci,arc_Claim_RTServiceAuditID_Delete_ListClaim"
"dci,arc_Claim_SAServiceAuditID_Delete_List"
"dci,arc_Claim_SAServiceAuditID_Delete_ListClaim"
"dci,arc_RTServiceAuditID_Archive_List"
"dci,arc_SAServiceAuditID_Archive_List"
"dci,vRTServiceAudit"
"dci,vSAServiceAudit"
"ddir,PracticeService"
"ddir,PracticeServiceAudit"
"ddir,Service"
"dea,AttachmentService"
"dea,AttachmentServiceAudit"
"dea,RTServiceAudit"
"dea,SAServiceAudit"
"dea,ServiceDowntime"
"dea,ServiceHostConfiguration"
"dea,ServiceProperty"
"dea,ServicePropertyAudit"
"dea,arc_Attachment_RTServiceAuditID_Delete_List"
"dea,arc_Attachment_SAServiceAuditID_Delete_List"
"dhmo,OfficeServiceClient"
"dw_atm_dxc,dci_rtserviceaudit_6mos"
"dxcps,Service_Plan_T"
"dxcps,Service_T"
"merchant,RTServiceAudit"
"ns,ItemDemandSource"
"ns,demandSourceType"
"ns,serviceItemBillingRate"
"ns,serviceItemCorrelateditem"
"ns,serviceItemItemAccountingBookDetail"
"ns,serviceItemItemVendor"
"ns,serviceItemPresentationItem"
"ns,serviceItemPrice"
"ns,serviceItemQuantity"
"ns,serviceItemSiteCategory"
"ns,serviceItemSubsidiaryMap"
"ns,serviceItemTaskTemplate"
"ns,serviceItemTranslation"
"ns,servicePurchaseItemItemAccountingBookDetail"
"ns,servicePurchaseItemItemVendor"
"ns,servicePurchaseItemSubsidiaryMap"
"ns,servicePurchaseItemTranslation"
"ns,serviceResaleItemBillingRate"
"ns,serviceResaleItemCorrelateditem"
"ns,serviceResaleItemItemAccountingBookDetail"
"ns,serviceResaleItemItemVendor"
"ns,serviceResaleItemPresentationItem"
"ns,serviceResaleItemPrice"
"ns,serviceResaleItemQuantity"
"ns,serviceResaleItemSiteCategory"
"ns,serviceResaleItemSubsidiaryMap"
"ns,serviceResaleItemTaskTemplate"
"ns,serviceResaleItemTranslation"
"ns,serviceSaleItemBillingRate"
"ns,serviceSaleItemCorrelateditem"
"ns,serviceSaleItemItemAccountingBookDetail"
"ns,serviceSaleItemPresentationItem"
"ns,serviceSaleItemPrice"
"ns,serviceSaleItemQuantity"
"ns,serviceSaleItemSiteCategory"
"ns,serviceSaleItemSubsidiaryMap"
"ns,serviceSaleItemTaskTemplate"
"ns,serviceSaleItemTranslation"
"nsDev,ItemDemandSource"
"nsDev,demandSourceType"
"nsDev,serviceItemBillingRate"
"nsDev,serviceItemCorrelateditem"
"nsDev,serviceItemItemAccountingBookDetail"
"nsDev,serviceItemItemVendor"
"nsDev,serviceItemPresentationItem"
"nsDev,serviceItemPrice"
"nsDev,serviceItemQuantity"
"nsDev,serviceItemSiteCategory"
"nsDev,serviceItemSubsidiaryMap"
"nsDev,serviceItemTaskTemplate"
"nsDev,serviceItemTranslation"
"nsDev,servicePurchaseItemItemAccountingBookDetail"
"nsDev,servicePurchaseItemItemVendor"
"nsDev,servicePurchaseItemSubsidiaryMap"
"nsDev,servicePurchaseItemTranslation"
"nsDev,serviceResaleItemBillingRate"
"nsDev,serviceResaleItemCorrelateditem"
"nsDev,serviceResaleItemItemAccountingBookDetail"
"nsDev,serviceResaleItemItemVendor"
"nsDev,serviceResaleItemPresentationItem"
"nsDev,serviceResaleItemPrice"
"nsDev,serviceResaleItemQuantity"
"nsDev,serviceResaleItemSiteCategory"
"nsDev,serviceResaleItemSubsidiaryMap"
"nsDev,serviceResaleItemTaskTemplate"
"nsDev,serviceResaleItemTranslation"
"nsDev,serviceSaleItemBillingRate"
"nsDev,serviceSaleItemCorrelateditem"
"nsDev,serviceSaleItemItemAccountingBookDetail"
"nsDev,serviceSaleItemPresentationItem"
"nsDev,serviceSaleItemPrice"
"nsDev,serviceSaleItemQuantity"
"nsDev,serviceSaleItemSiteCategory"
"nsDev,serviceSaleItemSubsidiaryMap"
"nsDev,serviceSaleItemTaskTemplate"
"nsDev,serviceSaleItemTranslation"
"ntf,SAServiceAudit"
"ntf,ServiceDowntime"
"ntf,ServiceHostConfiguration"
"ntf,ServiceProperty"
"ntf,ServicePropertyAudit"
"pfs,RTServiceAudit"
"pfs,SAServiceAudit"
"pfs,ServiceProperty"
"pfs,ServicePropertyAudit"
"pnt,DataBill_Support_Temp"
"pnt,RTServiceAudit"
"pnt,SAServiceAudit"
"pnt,ServiceDowntime"
"pnt,ServiceHostConfiguration"
"pnt,ServiceProperty"
"pnt,ServicePropertyAudit"
"reports,DssFonalitySupportSum"
"reports,DssSupportUserProfile"
"reports,RTServiceAudit"
"reports,RTServiceReports"
"reports,SAServiceAudit"
"reports,ServiceDowntime"
"reports,ServiceFailure"
"reports,ServiceHostConfiguration"
"reports,ServiceProperty"
"reports,ServicePropertyAudit"
"reports,SupportACD"
"reports,SupportCDR"
"reports,SupportCDR2"
"reports,SupportTicketSLA"
"reports,TicketSupportPass"
"reports,supportFonalityCDRTmp"
"reports,supportacdbkp"
"reports,supportcdrbkp"
"reports,temp_DSO_Claims"
"reports,temp_DSO_Claims_TransactionEvents"
"reports,temp_DSO_Cred"
"reports,temp_DSO_ERA"
"reports,temp_DSO_PatStmt"
"reports,temp_DSO_RTClaims"
"reports,temp_DSO_RTCount"
"reports,temp_DSO_Subscription_ClientSubscriptionEvents"
