Database,Schema,Table,Matched,File
dw_dxc_dev,bwyllie,smilebrands_claim_status_report__dbt_tmp,first_service_started_at,DTT-ANA-PRD/dw_dxc_dev.sql
dw_dxc_dev,bwyllie,smilebrands_claim_status_report__dbt_tmp,last_service_started_at,DTT-ANA-PRD/dw_dxc_dev.sql
rpt,dbo,SSISGrandfatheredReportsMap,CreateSupportUserID,DTT-ANA-PRD/rpt.sql
rpt,dbo,SSISGrandfatheredReportsMap,ModifySupportUserID,DTT-ANA-PRD/rpt.sql
rpt,dbo,SSISTemplateReports,CreateSupportUserID,DTT-ANA-PRD/rpt.sql
rpt,dbo,SSISTemplateReports,ModifySupportUserID,DTT-ANA-PRD/rpt.sql
rpt,dbo,SSISTemplateReports,ActiveModifySupportUserID,DTT-ANA-PRD/rpt.sql
rpt,dbo,SSISDistributionClients,CreateSupportUserID,DTT-ANA-PRD/rpt.sql
rpt,dbo,SSISDistributionClients,ModifySupportUserID,DTT-ANA-PRD/rpt.sql
rpt,dbo,SSISDistributionClients,ActiveModifySupportUserID,DTT-ANA-PRD/rpt.sql
rpt,dbo,SSISDistributionClientsEmails,CreateSupportUserID,DTT-ANA-PRD/rpt.sql
rpt,dbo,SSISDistributionClientsEmails,ModifySupportUserID,DTT-ANA-PRD/rpt.sql
rpt,dbo,SSISDistributionClientsEmails,ActiveModifySupportUserID,DTT-ANA-PRD/rpt.sql
rpt,dbo,SSISReportClientTypes,CreateSupportUserID,DTT-ANA-PRD/rpt.sql
rpt,dbo,SSISReportClientTypes,ModifySupportUserID,DTT-ANA-PRD/rpt.sql
rpt,dbo,SSISReportClientTypes,ActiveModifySupportUserID,DTT-ANA-PRD/rpt.sql
rpt,dbo,SSISDistributionClientsFTPDistributions,CreateSupportUserID,DTT-ANA-PRD/rpt.sql
rpt,dbo,SSISDistributionClientsFTPDistributions,ModifySupportUserID,DTT-ANA-PRD/rpt.sql
rpt,dbo,SSISDistributionClientsAudit,CreateSupportUserID,DTT-ANA-PRD/rpt.sql
rpt,dbo,SSISDistributionClientsAudit,ModifySupportUserID,DTT-ANA-PRD/rpt.sql
rpt,dbo,SSISDistributionClientsAudit,ActiveModifySupportUserID,DTT-ANA-PRD/rpt.sql
rpt,dbo,SSISDistributionClientsEmailsAudit,CreateSupportUserID,DTT-ANA-PRD/rpt.sql
rpt,dbo,SSISDistributionClientsEmailsAudit,ModifySupportUserID,DTT-ANA-PRD/rpt.sql
rpt,dbo,SSISDistributionClientsEmailsAudit,ActiveModifySupportUserID,DTT-ANA-PRD/rpt.sql
rpt,dbo,SSISDistributionClientsFTPDistributionsAudit,CreateSupportUserID,DTT-ANA-PRD/rpt.sql
rpt,dbo,SSISDistributionClientsFTPDistributionsAudit,ModifySupportUserID,DTT-ANA-PRD/rpt.sql
rpt,dbo,SSISTemplateReportFeatureNames,CreateSupportUserID,DTT-ANA-PRD/rpt.sql
rpt,dbo,SSISTemplateReportFeatureNames,ModifySupportUserID,DTT-ANA-PRD/rpt.sql
rpt,dbo,SSISTemplateReportFeatureNames,ActiveModifySupportUserID,DTT-ANA-PRD/rpt.sql
dw_dxc,dbo,DssCommissionEarnedPointsDetail_aud,SupportUserID,DTT-ANA-PRD/dw_dxc.sql
dw_dxc,dbo,DssCommissionEarnedPointsDetail_aud,SupportedPMS,DTT-ANA-PRD/dw_dxc.sql
dw_dxc,dbo,DssCommissionEarnedPointsDetail_aud,NotSupportedPMS,DTT-ANA-PRD/dw_dxc.sql
dw_dxc,dbo,DssSalesCommission_aud,SupportUserID,DTT-ANA-PRD/dw_dxc.sql
dw_dxc,dbo,DssSalesCommissionDetail_aud,SupportUserID,DTT-ANA-PRD/dw_dxc.sql
dw_dxc,dbo,DssSalesCommissionDetail_aud,SupportedPMS,DTT-ANA-PRD/dw_dxc.sql
dw_dxc,dbo,DssSalesCommissionDetail_aud,NotSupportedPMS,DTT-ANA-PRD/dw_dxc.sql
dw_atm_dxc,dbo,chs_MetaClaim_Since2023,DateOfService,DTT-ANA-PRD/dw_atm_dxc.sql
dw_atm_dxc,dbo,cred_billingactivity,Group_Package_Service_Code,DTT-ANA-PRD/dw_atm_dxc.sql
dw_atm_dxc,dbo,cred_billingactivity,Group_Commission_Support_User_ID,DTT-ANA-PRD/dw_atm_dxc.sql
dw_atm_dxc,dbo,cred_billingactivity,Group_Commission_Support_User_Last_Name,DTT-ANA-PRD/dw_atm_dxc.sql
dw_atm_dxc,dbo,cred_billingactivity,Group_Commission_Support_User_First_Name,DTT-ANA-PRD/dw_atm_dxc.sql
dw_atm_dxc,dbo,dci_billingactivity,Group_Package_Service_Code,DTT-ANA-PRD/dw_atm_dxc.sql
dw_atm_dxc,dbo,dci_billingactivity,Group_Commission_Support_User_ID,DTT-ANA-PRD/dw_atm_dxc.sql
dw_atm_dxc,dbo,dci_billingactivity,Group_Commission_Support_User_Last_Name,DTT-ANA-PRD/dw_atm_dxc.sql
dw_atm_dxc,dbo,dci_billingactivity,Group_Commission_Support_User_First_Name,DTT-ANA-PRD/dw_atm_dxc.sql
dw_atm_dxc,dbo,dci_claim_6mos,ServiceAuditID,DTT-ANA-PRD/dw_atm_dxc.sql
dw_atm_dxc,dbo,dci_claim_6mos,RTServiceAuditID,DTT-ANA-PRD/dw_atm_dxc.sql
dw_atm_dxc,dbo,dci_rtserviceaudit_6mos,RTServiceAuditID,DTT-ANA-PRD/dw_atm_dxc.sql
dw_atm_dxc,dbo,dci_rtserviceaudit_6mos,ServiceCode,DTT-ANA-PRD/dw_atm_dxc.sql
dw_atm_dxc,dbo,dci_rtserviceaudit_6mos,ServiceType,DTT-ANA-PRD/dw_atm_dxc.sql
dw_atm_dxc,dbo,dci_rtserviceaudit_6mos,SubServiceType,DTT-ANA-PRD/dw_atm_dxc.sql
dw_atm_dxc,dbo,dea_attachments_6mos,ServiceCode,DTT-ANA-PRD/dw_atm_dxc.sql
dw_atm_dxc,dbo,dea_attachments_6mos,ServiceAuditID,DTT-ANA-PRD/dw_atm_dxc.sql
dw_atm_dxc,dbo,dea_attachments_6mos,DateOfService,DTT-ANA-PRD/dw_atm_dxc.sql
dw_atm_dxc,dbo,dea_attachments_6mos,SupportUserID,DTT-ANA-PRD/dw_atm_dxc.sql
dw_atm_dxc,dbo,dea_attachments_6mos,RTServiceAuditID,DTT-ANA-PRD/dw_atm_dxc.sql
dw_atm_dxc,dbo,pnt_billingactivity,Group_Package_Service_Code,DTT-ANA-PRD/dw_atm_dxc.sql
dw_atm_dxc,dbo,pnt_billingactivity,Group_Commission_Support_User_ID,DTT-ANA-PRD/dw_atm_dxc.sql
dw_atm_dxc,dbo,pnt_billingactivity,Group_Commission_Support_User_Last_Name,DTT-ANA-PRD/dw_atm_dxc.sql
dw_atm_dxc,dbo,pnt_billingactivity,Group_Commission_Support_User_First_Name,DTT-ANA-PRD/dw_atm_dxc.sql
ext_raw_ec,dbo,dataconnectionpool,servicesource,DTT-ANA-PRD/ext_raw_ec.sql
ext_raw_ec,dbo,eligibilitydata,servicesource,DTT-ANA-PRD/ext_raw_ec.sql
ext_raw_ec,dbo,eligibilityschedule,servicesource,DTT-ANA-PRD/ext_raw_ec.sql
ext_raw_ec,dbo,errortype,serviceerror,DTT-ANA-PRD/ext_raw_ec.sql
ext_raw_ec,dbo,errortype,servicesource,DTT-ANA-PRD/ext_raw_ec.sql
ext_raw_ec,dbo,payerproperty,servicesource,DTT-ANA-PRD/ext_raw_ec.sql
lkr,pdt,LR$LQ07M1755241406650_realtime_dci_transactions_outbound_vw,transaction_service_type_id,DTT-ANA-PRD/lkr.sql
lkr,pdt,LR$LQ07M1755241406650_realtime_dci_transactions_outbound_vw,transaction_sub_service_type_id,DTT-ANA-PRD/lkr.sql
lkr,pdt,LR$LQ7391755234095634_clearinghouse_claim_statuses,Service_Date,DTT-ANA-PRD/lkr.sql
lkr,pdt,LR$LQ7391755234095634_clearinghouse_claim_statuses,Service_Started_At,DTT-ANA-PRD/lkr.sql
lkr,pdt,LR$LQCDP1755266433236_dci_claim_statuses,Service_Started_At,DTT-ANA-PRD/lkr.sql
lkr,pdt,LR$LQPAC1755293594531_clearinghouse_enrollment_errors,Service_Date,DTT-ANA-PRD/lkr.sql
lkr,pdt,LR$LQPAC1755300938467_clearinghouse_enrollment_errors,Service_Date,DTT-ANA-PRD/lkr.sql
lkr,pdt,LR$LQRMC1755242563835_realtime_dci_transactions_inbound_vw,transaction_service_type_id,DTT-ANA-PRD/lkr.sql
lkr,pdt,LR$LQRMC1755242563835_realtime_dci_transactions_inbound_vw,transaction_sub_service_type_id,DTT-ANA-PRD/lkr.sql
bdd,dbo,ClaimConnectClaimDeliveryFacts,RTServiceAuditID,DTT-ANA-PRD/bdd.sql
bireports,dbo,AccountRevenueDetail,SupportUserID,DTT-ANA-PRD/bireports.sql
bireports,dbo,IdleAccount,SupportUserID,DTT-ANA-PRD/bireports.sql
master,dbo,DCIClaimFLATClaimsLifeCycles,DateOfService,DTT-ANA-PRD/ent.sql
master,dbo,DCIClaimFLATClaimsLifeCyclesArchive,DateOfService,DTT-ANA-PRD/ent.sql
master,dbo,DEAAttachmentFLATAttachmentsLifeCycles,First101DeliveredByWebserviceDate,DTT-ANA-PRD/ent.sql
master,dbo,DEAAttachmentFLATAttachmentsLifeCycles,Last101DeliveredByWebserviceDate,DTT-ANA-PRD/ent.sql
master,dbo,DEAAttachmentFLATAttachmentsLifeCycles,First104DownloadedByWebserviceDate,DTT-ANA-PRD/ent.sql
master,dbo,DEAAttachmentFLATAttachmentsLifeCycles,Last104DownloadedByWebserviceDate,DTT-ANA-PRD/ent.sql
master,dbo,rptCLCtClaimDETClaimStatusDetailXDaysAged,DateOfService,DTT-ANA-PRD/ent.sql
master,dbo,rptDCIClaimDETClaimsEnteredDetails,DateOfService,DTT-ANA-PRD/ent.sql
master,dbo,rptDCIClaimDETUserResolvedClaimsDetail,DateOfService,DTT-ANA-PRD/ent.sql
master,entity,Appointments,DateOfService,DTT-ANA-PRD/ent.sql
master,payerportal,ClearinghouseClaims,DateOfService,DTT-ANA-PRD/ent.sql
trxWsdm,dbo,ClientSubscriptionEvents,ServiceCode,DTT-TRX-PRD/trxWsdm.sql
trxWsdm,dbo,ClientSubscriptionEvents,RecordModifySupportUserID,DTT-TRX-PRD/trxWsdm.sql
trxWsdm,dbo,ClientTransactions,RecordModifySupportUserID,DTT-TRX-PRD/trxWsdm.sql
trxWsdm,dbo,TransactionDimensions,RecordModifySupportUserID,DTT-TRX-PRD/trxWsdm.sql
trxWsdm,dbo,TransactionEventClientUsage,RecordModifySupportUserID,DTT-TRX-PRD/trxWsdm.sql
trxWsdm,dbo,TransactionEvents,RecordModifySupportUserID,DTT-TRX-PRD/trxWsdm.sql
trxTest,dbo,ClientSubscriptionEvents,ServiceCode,DTT-TRX-PRD/trxTest.sql
trxTest,dbo,ClientSubscriptionEvents,RecordModifySupportUserID,DTT-TRX-PRD/trxTest.sql
trxTest,dbo,ClientTransactions,RecordModifySupportUserID,DTT-TRX-PRD/trxTest.sql
trxTest,dbo,TransactionEvents,RecordModifySupportUserID,DTT-TRX-PRD/trxTest.sql
trx,dbo,ClientSubscriptionEvents,ServiceCode,DTT-TRX-PRD/trx.sql
trx,dbo,ClientSubscriptionEvents,RecordModifySupportUserID,DTT-TRX-PRD/trx.sql
trx,dbo,ClientTransactions,RecordModifySupportUserID,DTT-TRX-PRD/trx.sql
trx,dbo,TransactionDimensions,RecordModifySupportUserID,DTT-TRX-PRD/trx.sql
trx,dbo,TransactionEvents,RecordModifySupportUserID,DTT-TRX-PRD/trx.sql
trxQA,dbo,ClientTransactions,RecordModifySupportUserID,DTT-TRX-PRD/trxQA.sql
trxQA,dbo,TransactionEvents,RecordModifySupportUserID,DTT-TRX-PRD/trxQA.sql
trxQA,dbo,ClientSubscriptionEvents,ServiceCode,DTT-TRX-PRD/trxQA.sql
trxQA,dbo,ClientSubscriptionEvents,RecordModifySupportUserID,DTT-TRX-PRD/trxQA.sql
trxQA,dbo,TransactionDimensions,RecordModifySupportUserID,DTT-TRX-PRD/trxQA.sql
trxQA,dbo,TransactionEventClientUsage,RecordModifySupportUserID,DTT-TRX-PRD/trxQA.sql
ns,dbo,Charge_copy,serviceenddate,DTT-TRX-PRD/erpQA.sql
ns,dbo,Charge_copy,servicestartdate,DTT-TRX-PRD/erpQA.sql
ns,dbo,Customer_copy,custentity_exclude_from_inv_support,DTT-TRX-PRD/erpQA.sql
ns,dbo,Customer_copy,leadsource,DTT-TRX-PRD/erpQA.sql
ns,dbo,Item_copy,alternatedemandsourceitem,DTT-TRX-PRD/erpQA.sql
ns,dbo,Item_copy,demandsource,DTT-TRX-PRD/erpQA.sql
ns,dbo,Transaction_copy,custbody_support_file,DTT-TRX-PRD/erpQA.sql
ns,dbo,Transaction_copy,leadsource,DTT-TRX-PRD/erpQA.sql
ns,dbo,TransactionLine_copy,custcol_ava_is_taxable_service,DTT-TRX-PRD/erpQA.sql
trxDev,dbo,ClientSubscriptionEvents,ServiceCode,DTT-TRX-PRD/trxDev.sql
trxDev,dbo,ClientSubscriptionEvents,RecordModifySupportUserID,DTT-TRX-PRD/trxDev.sql
trxDev,dbo,ClientTransactions,RecordModifySupportUserID,DTT-TRX-PRD/trxDev.sql
trxDev,dbo,TransactionDimensions,RecordModifySupportUserID,DTT-TRX-PRD/trxDev.sql
trxDev,dbo,TransactionEvents,RecordModifySupportUserID,DTT-TRX-PRD/trxDev.sql
erp,dbo,ClientGLEntrySummary,RecordModifySupportUserID,DTT-TRX-PRD/erp.sql
erp,dbo,ClientGLEntrySummaryAudit,RecordModifySupportUserID,DTT-TRX-PRD/erp.sql
erp,dbo,ClientUsageSummary,VipServiceCode,DTT-TRX-PRD/erp.sql
erp,dbo,ClientUsageSummary,ProductGroupPackageContractServiceCode,DTT-TRX-PRD/erp.sql
erp,dbo,ClientUsageSummary,RecordModifySupportUserID,DTT-TRX-PRD/erp.sql
erp,dbo,ClientUsageSummary,DBSServicesRenderedPeriod,DTT-TRX-PRD/erp.sql
erp,dbo,ClientUsageSummary_20250128Backup,VipServiceCode,DTT-TRX-PRD/erp.sql
erp,dbo,ClientUsageSummary_20250128Backup,ProductGroupPackageContractServiceCode,DTT-TRX-PRD/erp.sql
erp,dbo,ClientUsageSummary_20250128Backup,RecordModifySupportUserID,DTT-TRX-PRD/erp.sql
erp,dbo,ClientUsageSummary_TEST,VipServiceCode,DTT-TRX-PRD/erp.sql
erp,dbo,ClientUsageSummary_TEST,ProductGroupPackageContractServiceCode,DTT-TRX-PRD/erp.sql
erp,dbo,ClientUsageSummary_TEST,RecordModifySupportUserID,DTT-TRX-PRD/erp.sql
erp,dbo,ClientUsageSummaryAudit,VipServiceCode,DTT-TRX-PRD/erp.sql
erp,dbo,ClientUsageSummaryAudit,ProductGroupPackageContractServiceCode,DTT-TRX-PRD/erp.sql
erp,dbo,ClientUsageSummaryAudit,RecordModifySupportUserID,DTT-TRX-PRD/erp.sql
erp,dbo,ERPAccountLookup,RecordModifySupportUserID,DTT-TRX-PRD/erp.sql
erp,dbo,ERPAccountLookupAudit,RecordModifySupportUserID,DTT-TRX-PRD/erp.sql
erp,dbo,ERPItemFeatureNameLookup,RecordModifySupportUserID,DTT-TRX-PRD/erp.sql
erp,dbo,ERPItemFeatureNameLookupAudit,RecordModifySupportUserID,DTT-TRX-PRD/erp.sql
erp,dbo,ERPItemLookup,RecordModifySupportUserID,DTT-TRX-PRD/erp.sql
erp,dbo,ERPItemLookupAudit,RecordModifySupportUserID,DTT-TRX-PRD/erp.sql
erp,dbo,ERPItemMasterItemLookup,RecordModifySupportUserID,DTT-TRX-PRD/erp.sql
erp,dbo,ERPMasterItemLookup,RecordModifySupportUserID,DTT-TRX-PRD/erp.sql
erp,dbo,ERPRecordTypeLookup,CreateSupportUserID,DTT-TRX-PRD/erp.sql
erp,dbo,ERPRecordTypeLookup,ModifySupportUserID,DTT-TRX-PRD/erp.sql
erp,dbo,ERPRecordTypeLookup,RecordModifySupportUserID,DTT-TRX-PRD/erp.sql
erp,dbo,ERPRecordTypeLookupAudit,CreateSupportUserID,DTT-TRX-PRD/erp.sql
erp,dbo,ERPRecordTypeLookupAudit,ModifySupportUserID,DTT-TRX-PRD/erp.sql
erp,dbo,ERPRecordTypeLookupAudit,RecordModifySupportUserID,DTT-TRX-PRD/erp.sql
erp,dbo,ERPSubsidiaryLookup,RecordModifySupportUserID,DTT-TRX-PRD/erp.sql
erp,dbo,ERPSubsidiaryLookupAudit,RecordModifySupportUserID,DTT-TRX-PRD/erp.sql
trxBrch,dbo,ClientSubscriptionEvents,ServiceCode,DTT-TRX-PRD/trxBrch.sql
trxBrch,dbo,ClientSubscriptionEvents,RecordModifySupportUserID,DTT-TRX-PRD/trxBrch.sql
trxBrch,dbo,ClientTransactions,RecordModifySupportUserID,DTT-TRX-PRD/trxBrch.sql
trxBrch,dbo,TransactionEvents,RecordModifySupportUserID,DTT-TRX-PRD/trxBrch.sql
sch,dbo,ProcedureSchedules,RecordModifySupportUserID,DTT-TRX-PRD/sch.sql
sch,dbo,ProcedureSchedulesAudit,RecordModifySupportUserID,DTT-TRX-PRD/sch.sql
schDev,dbo,ProcedureSchedules,RecordModifySupportUserID,DTT-TRX-PRD/schDev.sql
erpDev,dbo,ClientGLEntrySummary,RecordModifySupportUserID,DTT-TRX-PRD/erpDev.sql
erpDev,dbo,ClientUsageSummary,VipServiceCode,DTT-TRX-PRD/erpDev.sql
erpDev,dbo,ClientUsageSummary,ProductGroupPackageContractServiceCode,DTT-TRX-PRD/erpDev.sql
erpDev,dbo,ClientUsageSummary,RecordModifySupportUserID,DTT-TRX-PRD/erpDev.sql
erpDev,dbo,ERPItemLookup,RecordModifySupportUserID,DTT-TRX-PRD/erpDev.sql
erpDev,dbo,ERPItemMasterItemLookup,RecordModifySupportUserID,DTT-TRX-PRD/erpDev.sql
erpDev,dbo,ERPMasterItemLookup,RecordModifySupportUserID,DTT-TRX-PRD/erpDev.sql
erpDev,dbo,ERPRecordTypeLookup,CreateSupportUserID,DTT-TRX-PRD/erpDev.sql
erpDev,dbo,ERPRecordTypeLookup,ModifySupportUserID,DTT-TRX-PRD/erpDev.sql
erpDev,dbo,ERPSubsidiaryLookup,RecordModifySupportUserID,DTT-TRX-PRD/erpDev.sql
entyDev,dbo,Entities,SupportClientType,DTT-TRX-PRD/entyDev.sql
entyDev,dbo,Entities,RecordModifySupportUserID,DTT-TRX-PRD/entyDev.sql
merchant,dbo,RTServiceAudit,RTServiceAuditID,Livesql3/merchant.sql
merchant,dbo,RTServiceAudit,ServiceCode,Livesql3/merchant.sql
merchant,dbo,RTServiceAudit,ServiceType,Livesql3/merchant.sql
merchant,dbo,RTServiceAudit,SubServiceType,Livesql3/merchant.sql
pnt,dbo,PntGroup,ReturnService,Livesql3/pnt.sql
pnt,dbo,PntGroupHistory,ReturnService,Livesql3/pnt.sql
pnt,dbo,RTServiceAudit,RTServiceAuditID,Livesql3/pnt.sql
pnt,dbo,RTServiceAudit,ServiceCode,Livesql3/pnt.sql
pnt,dbo,RTServiceAudit,ServiceType,Livesql3/pnt.sql
pnt,dbo,RTServiceAudit,SubServiceType,Livesql3/pnt.sql
pnt,dbo,SAServiceAudit,SAServiceAuditID,Livesql3/pnt.sql
pnt,dbo,SAServiceAudit,ServiceCode,Livesql3/pnt.sql
pnt,dbo,SAServiceAudit,ServiceType,Livesql3/pnt.sql
pnt,dbo,ServiceDowntime,ServiceDowntimeID,Livesql3/pnt.sql
pnt,dbo,ServiceDowntime,ServiceCode,Livesql3/pnt.sql
pnt,dbo,ServiceDowntime,ServiceType,Livesql3/pnt.sql
pnt,dbo,ServiceHostConfiguration,ServiceHostConfigurationID,Livesql3/pnt.sql
pnt,dbo,ServiceHostConfiguration,ServiceCode,Livesql3/pnt.sql
pnt,dbo,ServiceHostConfiguration,ServiceType,Livesql3/pnt.sql
pnt,dbo,ServiceProperty,ServicePropertyID,Livesql3/pnt.sql
pnt,dbo,ServiceProperty,ServiceCode,Livesql3/pnt.sql
pnt,dbo,ServiceProperty,ServiceType,Livesql3/pnt.sql
pnt,dbo,ServicePropertyAudit,ServicePropertyAuditID,Livesql3/pnt.sql
pnt,dbo,ServicePropertyAudit,ServicePropertyID,Livesql3/pnt.sql
pnt,dbo,ServicePropertyAudit,ServiceCode,Livesql3/pnt.sql
pnt,dbo,ServicePropertyAudit,ServiceType,Livesql3/pnt.sql
pnt,dbo,Statement,ServiceAuditID,Livesql3/pnt.sql
pnt,dbo,StatementFile,ServiceCode,Livesql3/pnt.sql
pnt,dbo,StatementFile,ServiceAuditID,Livesql3/pnt.sql
pnt,dbo,StatementFileAudit,ServiceCode,Livesql3/pnt.sql
pnt,dbo,StatementFileAudit,ServiceAuditID,Livesql3/pnt.sql
pnt,dbo,StatementFileNote,SupportUserID,Livesql3/pnt.sql
pnt,dbo,StatementHistory,ServiceAuditID,Livesql3/pnt.sql
pnt,dbo,StatementHistory,RTServiceAuditID,Livesql3/pnt.sql
pnt,dbo,StatementPageCount,ServiceCode,Livesql3/pnt.sql
pnt,dbo,StatementReminder,ServiceDate,Livesql3/pnt.sql
pnt,dbo,StatementReminder,ServiceTime,Livesql3/pnt.sql
dhmo,dbo,OfficeServiceClient,ServiceCode,Livesql3/dhmo.sql
common,dbo,Groups,Serviced,Livesql3/Common.sql
common,dbo,Users,ModifySupportUserID,Livesql3/Common.sql
common,dbo,GroupsUsers,ModifySupportUserID,Livesql3/Common.sql
common,dbo,UserAddress,ModifySupportUserID,Livesql3/Common.sql
common,dbo,GroupSupportUser,GroupSupportUserID,Livesql3/Common.sql
common,dbo,GroupSupportUser,SupportUserID,Livesql3/Common.sql
common,dbo,SupportUser,SupportUserID,Livesql3/Common.sql
common,dbo,SupportUser,ModifySupportUserID,Livesql3/Common.sql
common,dbo,SupportUser,LastServiceAccessTime,Livesql3/Common.sql
common,dbo,Reseller,ServiceCode,Livesql3/Common.sql
common,dbo,CommissionStatement,SupportUserID,Livesql3/Common.sql
common,dbo,ProductGroupPackage,SupportUserID,Livesql3/Common.sql
common,dbo,ProductGroupPackage,ServiceCode,Livesql3/Common.sql
common,dbo,StatementItem,ServiceCode,Livesql3/Common.sql
common,dbo,AlertSAServiceAudit,AlertSAServiceAuditID,Livesql3/Common.sql
common,dbo,AlertSAServiceAudit,ServiceCode,Livesql3/Common.sql
common,dbo,AlertSAServiceAudit,ServiceType,Livesql3/Common.sql
common,dbo,BenefitSearchUpgrade_Aetna06062024,ServiceCode,Livesql3/Common.sql
common,dbo,ClientRevenueDetail,SupportUserID,Livesql3/Common.sql
common,dbo,ClientRevenueDetail,SAServiceAuditID,Livesql3/Common.sql
common,dbo,ContactUs,Services,Livesql3/Common.sql
common,dbo,ContactUsNote,SupportUserID,Livesql3/Common.sql
common,dbo,DebugAlert,ServiceCode,Livesql3/Common.sql
common,dbo,DebugAlert,ServiceType,Livesql3/Common.sql
common,dbo,DmdFileUploadImage,ReviewSupportUserId,Livesql3/Common.sql
common,dbo,DmdFileUploadImage,ServiceAuditID,Livesql3/Common.sql
common,dbo,DmdFileUploadImageAudit,ReviewSupportUserId,Livesql3/Common.sql
common,dbo,DmdPmsGroup,ServiceCode,Livesql3/Common.sql
common,dbo,Entity,ServiceCode,Livesql3/Common.sql
common,dbo,Entity,PrimarySupportUserID,Livesql3/Common.sql
common,dbo,Entity,SupportUserID,Livesql3/Common.sql
common,dbo,EntityAudit,ServiceCode,Livesql3/Common.sql
common,dbo,EntityAudit,PrimarySupportUserID,Livesql3/Common.sql
common,dbo,EntityAudit,SupportUserID,Livesql3/Common.sql
common,dbo,EntityDescriptor,InitialServiceStatus,Livesql3/Common.sql
common,dbo,EntityDescriptor,FinalServiceStatus,Livesql3/Common.sql
common,dbo,EntityGroup,SupportUserID,Livesql3/Common.sql
common,dbo,EntityGroupAudit,SupportUserID,Livesql3/Common.sql
common,dbo,ERARegistration,SupportUserID,Livesql3/Common.sql
common,dbo,ERARegistrationAudit,SupportUserID,Livesql3/Common.sql
common,dbo,ERARoutingSummary,CreateSupportUserID,Livesql3/Common.sql
common,dbo,ERARoutingSummary,RefreshSupportUserID,Livesql3/Common.sql
common,dbo,GroupCommission,SupportUserID,Livesql3/Common.sql
common,dbo,GroupMerchant,SupportUserID,Livesql3/Common.sql
common,dbo,GroupPayer,ModifySupportUserID,Livesql3/Common.sql
common,dbo,GroupPayerAudit,ModifySupportUserID,Livesql3/Common.sql
common,dbo,Groups_Test,Serviced,Livesql3/Common.sql
common,dbo,GroupsAudit,Serviced,Livesql3/Common.sql
common,dbo,GroupsUsersAudit,ModifySupportUserID,Livesql3/Common.sql
common,dbo,GroupUserSecurity,SupportUserID,Livesql3/Common.sql
common,dbo,GroupUserSecurityAudit,SupportUserID,Livesql3/Common.sql
common,dbo,MerchantApplication,SupportUserID,Livesql3/Common.sql
common,dbo,MerchantMigration,SupportUserID,Livesql3/Common.sql
common,dbo,MerchantMigrationLink,InMerchantMigrationServiceAuditID,Livesql3/Common.sql
common,dbo,MerchantMigrationLink,OutMerchantMigrationServiceAuditID,Livesql3/Common.sql
common,dbo,MerchantMigrationSchedule,SupportUserID,Livesql3/Common.sql
common,dbo,MerchantMigrationServiceAudit,MerchantMigrationServiceAuditID,Livesql3/Common.sql
common,dbo,MerchantServiceAudit_Arc,MerchantServiceAuditID,Livesql3/Common.sql
common,dbo,MerchantServiceAudit_Arc,ServiceCode,Livesql3/Common.sql
common,dbo,MerchantServiceAudit_Arc,ServiceType,Livesql3/Common.sql
common,dbo,MessagePortalConversationAudit,SupportUserId,Livesql3/Common.sql
common,dbo,MessagePortalConversationModelAudit,CreateSupportUserID,Livesql3/Common.sql
common,dbo,MessagePortalConversationModelAudit,SupportUserParticipants,Livesql3/Common.sql
common,dbo,MessagePortalMessage,CreateSupportUserID,Livesql3/Common.sql
common,dbo,MessagePortalParticipants,SupportUserId,Livesql3/Common.sql
common,dbo,NotificationMessage,CreateSupportUserID,Livesql3/Common.sql
common,dbo,NppesDocumentMeta,CreateSupportUserID,Livesql3/Common.sql
common,dbo,Packages_added,PackageSupportUserName,Livesql3/Common.sql
common,dbo,Packages_deleted,PackageSupportUserName,Livesql3/Common.sql
common,dbo,PartnerSecurity,ServiceCode,Livesql3/Common.sql
common,dbo,PartnerSecurityAccess,ServiceCode,Livesql3/Common.sql
common,dbo,PartnerSecurityTokenConfig,ServiceCode,Livesql3/Common.sql
common,dbo,PartnerSecurityTokenConfig,SupportUserID,Livesql3/Common.sql
common,dbo,Payer,PaperSubmissionSupported,Livesql3/Common.sql
common,dbo,Payer,ModifySupportUserID,Livesql3/Common.sql
common,dbo,PayerAddress,ConfirmedSupportUserID,Livesql3/Common.sql
common,dbo,PayerAddressAudit,ConfirmedSupportUserID,Livesql3/Common.sql
common,dbo,PayerAudit,ModifySupportUserID,Livesql3/Common.sql
common,dbo,PayerDocType,ServiceCode,Livesql3/Common.sql
common,dbo,PayerDocType,ServiceStatus,Livesql3/Common.sql
common,dbo,PayerEnrollment,ServiceCode,Livesql3/Common.sql
common,dbo,PayerMatchGroup,SupportUserId,Livesql3/Common.sql
common,dbo,PayerMatchGroupAudit,SupportUserId,Livesql3/Common.sql
common,dbo,PayerMatchStandardAddress,SupportUserID,Livesql3/Common.sql
common,dbo,PayerMatchStandardAddressAudit,SupportUserID,Livesql3/Common.sql
common,dbo,PayerMemberEnrollment,SAServiceAuditID,Livesql3/Common.sql
common,dbo,Pms,ServiceCode,Livesql3/Common.sql
common,dbo,PmsGroup,VersionSupported,Livesql3/Common.sql
common,dbo,pmsgroup_test,VersionSupported,Livesql3/Common.sql
common,dbo,PmsGroupAudit,VersionSupported,Livesql3/Common.sql
common,dbo,PricingPolicy,Service,Livesql3/Common.sql
common,dbo,ProductGroupPackage10062024_DB2225,SupportUserID,Livesql3/Common.sql
common,dbo,ProductGroupPackage10062024_DB2225,ServiceCode,Livesql3/Common.sql
common,dbo,ProductPackageSetOverride,SupportUserID,Livesql3/Common.sql
common,dbo,ProductPartnerPackage,ServiceCode,Livesql3/Common.sql
common,dbo,ProviderDirectory,ModifySupportUserID,Livesql3/Common.sql
common,dbo,ProviderDirectoryAppsetNoteAlert,ReadSupportUserID,Livesql3/Common.sql
common,dbo,ProviderDirectoryHistory,ModifySupportUserID,Livesql3/Common.sql
common,dbo,providerdirectoryold,ModifySupportUserID,Livesql3/Common.sql
common,dbo,ProviderDirectoryPayerDocument,SupportUserID,Livesql3/Common.sql
common,dbo,ProviderDirectoryPayerNoteHistory,SupportUserID,Livesql3/Common.sql
common,dbo,ProviderPayerEnrollment,SupportUserID,Livesql3/Common.sql
common,dbo,ProviderPayerEnrollmentAudit,SupportUserID,Livesql3/Common.sql
common,dbo,RecurringBills,Services,Livesql3/Common.sql
common,dbo,ReleaseGroup,CreateSupportUserID,Livesql3/Common.sql
common,dbo,ReleaseGroup,ModifySupportUserID,Livesql3/Common.sql
common,dbo,ReleaseGroupAudit,CreateSupportUserID,Livesql3/Common.sql
common,dbo,ReleaseGroupAudit,ModifySupportUserID,Livesql3/Common.sql
common,dbo,ReleaseGroupType,CreateSupportUserID,Livesql3/Common.sql
common,dbo,ReleaseGroupTypeAudit,CreateSupportUserID,Livesql3/Common.sql
common,dbo,ResellerAudit,ServiceCode,Livesql3/Common.sql
common,dbo,Roles,Service,Livesql3/Common.sql
common,dbo,RTServiceAudit,RTServiceAuditID,Livesql3/Common.sql
common,dbo,RTServiceAudit,ServiceCode,Livesql3/Common.sql
common,dbo,RTServiceAudit,ServiceType,Livesql3/Common.sql
common,dbo,SalesLeadNote,SupportUserID,Livesql3/Common.sql
common,dbo,SalesUserAccessAssignment,SupportUserID,Livesql3/Common.sql
common,dbo,ScheduledEvent,SupportUserID,Livesql3/Common.sql
common,dbo,ScheduledEvent,UpdateSupportUserID,Livesql3/Common.sql
common,dbo,ServiceClient,ServiceClientID,Livesql3/Common.sql
common,dbo,ServiceClient,ServiceCode,Livesql3/Common.sql
common,dbo,ServiceClientAccess,ServiceClientAccessID,Livesql3/Common.sql
common,dbo,ServiceClientAccess,ServiceClientID,Livesql3/Common.sql
common,dbo,ServiceClientAccess,ServiceType,Livesql3/Common.sql
common,dbo,ServiceClientAccess,ServiceCode,Livesql3/Common.sql
common,dbo,ServiceClientPMS,ServiceClientID,Livesql3/Common.sql
common,dbo,ServiceClientUser,ServiceClientID,Livesql3/Common.sql
common,dbo,ServiceCode,ServiceCode,Livesql3/Common.sql
common,dbo,ServiceDowntime,ServiceDowntimeID,Livesql3/Common.sql
common,dbo,ServiceDowntime,ServiceCode,Livesql3/Common.sql
common,dbo,ServiceDowntime,ServiceType,Livesql3/Common.sql
common,dbo,ServiceFee,ServiceFeeID,Livesql3/Common.sql
common,dbo,ServiceFee,ServiceCode,Livesql3/Common.sql
common,dbo,ServiceHostConfiguration,ServiceHostConfigurationID,Livesql3/Common.sql
common,dbo,ServiceHostConfiguration,ServiceCode,Livesql3/Common.sql
common,dbo,ServiceHostConfiguration,ServiceType,Livesql3/Common.sql
common,dbo,ServiceProperty,ServicePropertyID,Livesql3/Common.sql
common,dbo,ServiceProperty,ServiceCode,Livesql3/Common.sql
common,dbo,ServiceProperty,ServiceType,Livesql3/Common.sql
common,dbo,ServicePropertyAudit,ServicePropertyAuditID,Livesql3/Common.sql
common,dbo,ServicePropertyAudit,ServicePropertyID,Livesql3/Common.sql
common,dbo,ServicePropertyAudit,ServiceCode,Livesql3/Common.sql
common,dbo,ServicePropertyAudit,ServiceType,Livesql3/Common.sql
common,dbo,ServiceServiceCode,ServiceCode,Livesql3/Common.sql
common,dbo,ServiceServiceCode,ServiceServiceCode,Livesql3/Common.sql
common,dbo,ServiceStatus,ServiceStatus,Livesql3/Common.sql
common,dbo,ServiceType,ServiceType,Livesql3/Common.sql
common,dbo,SimpleFileTransferAudit,ServiceCode,Livesql3/Common.sql
common,dbo,StatementActivityLog,SupportUserID,Livesql3/Common.sql
common,dbo,StatementItemSummary,SupportUserID,Livesql3/Common.sql
common,dbo,StatementItemSummaryTemp1,SupportUserID,Livesql3/Common.sql
common,dbo,SupportDataSourceRequest,SupportUserID,Livesql3/Common.sql
common,dbo,SupportDataSourceRequest,ReadSupportUserID,Livesql3/Common.sql
common,dbo,SupportEventOps,SupportEventOpsID,Livesql3/Common.sql
common,dbo,SupportFunction,SupportFunctionID,Livesql3/Common.sql
common,dbo,SupportGroup,SupportGroupID,Livesql3/Common.sql
common,dbo,SupportGroupFunction,SupportGroupFunctionID,Livesql3/Common.sql
common,dbo,SupportGroupFunction,SupportGroupID,Livesql3/Common.sql
common,dbo,SupportGroupFunction,SupportFunctionID,Livesql3/Common.sql
common,dbo,SupportGroupUser,SupportGroupUserID,Livesql3/Common.sql
common,dbo,SupportGroupUser,SupportGroupID,Livesql3/Common.sql
common,dbo,SupportGroupUser,SupportUserID,Livesql3/Common.sql
common,dbo,SupportNote,SupportUserID,Livesql3/Common.sql
common,dbo,SupportNote,ServiceCode,Livesql3/Common.sql
common,dbo,SupportPayerSetGroup,SupportGroupID,Livesql3/Common.sql
common,dbo,SupportRole,SupportRoleID,Livesql3/Common.sql
common,dbo,supportrole_backup1115_1102AM,SupportRoleID,Livesql3/Common.sql
common,dbo,supportrole_bak,SupportRoleID,Livesql3/Common.sql
common,dbo,SupportRole_Bak2,SupportRoleID,Livesql3/Common.sql
common,dbo,SupportServiceCodePayerSet,SupportServiceCodePayerSetID,Livesql3/Common.sql
common,dbo,SupportServiceCodePayerSet,ServiceCode,Livesql3/Common.sql
common,dbo,SupportTaskUser,SupportUserID,Livesql3/Common.sql
common,dbo,SupportTeam,SupportTeamID,Livesql3/Common.sql
common,dbo,SupportTeamUser,SupportTeamUserID,Livesql3/Common.sql
common,dbo,SupportTeamUser,SupportTeamID,Livesql3/Common.sql
common,dbo,SupportTeamUser,SupportUserID,Livesql3/Common.sql
common,dbo,SupportUserAudit,SupportUserAuditID,Livesql3/Common.sql
common,dbo,SupportUserAudit,ModifySupportUserID,Livesql3/Common.sql
common,dbo,SupportUserAudit,SupportUserID,Livesql3/Common.sql
common,dbo,SupportUserCommission,SupportUserCommissionID,Livesql3/Common.sql
common,dbo,SupportUserCommission,SupportUserID,Livesql3/Common.sql
common,dbo,SupportUserCommission_0318,SupportUserCommissionID,Livesql3/Common.sql
common,dbo,SupportUserCommission_0318,SupportUserID,Livesql3/Common.sql
common,dbo,SupportUserConfig,SupportUserConfigID,Livesql3/Common.sql
common,dbo,SupportUserConfig,ServiceCode,Livesql3/Common.sql
common,dbo,SupportUserLoginAudit,SupportUserLoginAuditID,Livesql3/Common.sql
common,dbo,SupportUserLoginAudit,SupportUserID,Livesql3/Common.sql
common,dbo,SupportUserLoginChangeAudit,SupportUserLoginChangeAuditID,Livesql3/Common.sql
common,dbo,SupportUserLoginChangeAudit,SupportUserID,Livesql3/Common.sql
common,dbo,SupportUserLoginChangeAudit,ModifySupportUserID,Livesql3/Common.sql
common,dbo,SupportUserPasswordHistory,SupportUserPasswordHistoryID,Livesql3/Common.sql
common,dbo,SupportUserPasswordHistory,SupportUserID,Livesql3/Common.sql
common,dbo,Ticket,ServiceCode,Livesql3/Common.sql
common,dbo,TicketAppointment,SupportUserID,Livesql3/Common.sql
common,dbo,TicketAttachment,SupportUserID,Livesql3/Common.sql
common,dbo,TicketNote,SupportUserID,Livesql3/Common.sql
common,dbo,TicketNotification,SupportUserID,Livesql3/Common.sql
common,dbo,TicketStatusHistory,SupportUserID,Livesql3/Common.sql
common,dbo,TicketSubcategory,DefaultSupportUser,Livesql3/Common.sql
common,dbo,TicketSubcategoryHistory,SupportUserID,Livesql3/Common.sql
common,dbo,TicketSubCategoryTypeHistory,SupportUserID,Livesql3/Common.sql
common,dbo,TicketUserAssignment,SupportUserID,Livesql3/Common.sql
common,dbo,UserAddressAudit,ModifySupportUserID,Livesql3/Common.sql
common,dbo,UserAlias,ModifySupportUserID,Livesql3/Common.sql
common,dbo,UserAliasAudit,ModifySupportUserID,Livesql3/Common.sql
common,dbo,UserLoginChangeAudit,SupportUserID,Livesql3/Common.sql
common,dbo,UsersAudit,ModifySupportUserID,Livesql3/Common.sql
common,dbo,VIP,ServiceCode,Livesql3/Common.sql
common,dbo,VIP,PrimarySupportUserID,Livesql3/Common.sql
dci,dbo,RTServiceAudit,RTServiceAuditID,Livesql3/dci.sql
dci,dbo,RTServiceAudit,ServiceCode,Livesql3/dci.sql
dci,dbo,RTServiceAudit,ServiceType,Livesql3/dci.sql
dci,dbo,RTServiceAudit,SubServiceType,Livesql3/dci.sql
dci,dbo,ClaimHistory,ServiceAuditID,Livesql3/dci.sql
dci,dbo,ClaimHistory,RTServiceAuditID,Livesql3/dci.sql
dci,dbo,SAServiceAudit,SAServiceAuditID,Livesql3/dci.sql
dci,dbo,SAServiceAudit,ServiceCode,Livesql3/dci.sql
dci,dbo,SAServiceAudit,ServiceType,Livesql3/dci.sql
dci,dbo,OfficeResponse,SAServiceAuditId,Livesql3/dci.sql
dci,dbo,OfficeResponse,ModifySupportUserID,Livesql3/dci.sql
dci,dbo,ServiceProperty,ServicePropertyID,Livesql3/dci.sql
dci,dbo,ServiceProperty,ServiceCode,Livesql3/dci.sql
dci,dbo,ServiceProperty,ServiceType,Livesql3/dci.sql
dci,dbo,ClaimItem,ServiceStartDate,Livesql3/dci.sql
dci,dbo,ClaimItem,ServiceEndDate,Livesql3/dci.sql
dci,dbo,Claim,ServiceAuditID,Livesql3/dci.sql
dci,dbo,Claim,RTServiceAuditID,Livesql3/dci.sql
dci,dbo,ClaimPayer,ServiceCode,Livesql3/dci.sql
dci,dbo,arc_Claim_RTServiceAuditID_Delete_List,RTServiceAuditID,Livesql3/dci.sql
dci,dbo,arc_Claim_RTServiceAuditID_Delete_ListClaim,RTServiceAuditID,Livesql3/dci.sql
dci,dbo,arc_Claim_SAServiceAuditID_Delete_List,SAServiceAuditID,Livesql3/dci.sql
dci,dbo,arc_Claim_SAServiceAuditID_Delete_ListClaim,SAServiceAuditID,Livesql3/dci.sql
dci,dbo,arc_RTServiceAuditID_Archive_List,RTServiceAuditID,Livesql3/dci.sql
dci,dbo,arc_SAServiceAuditID_Archive_List,SAServiceAuditID,Livesql3/dci.sql
dci,dbo,BenefitSearchUpgrade,ServiceCode,Livesql3/dci.sql
dci,dbo,ClaimArchive,serviceauditid,Livesql3/dci.sql
dci,dbo,ClaimArchive,rtserviceauditid,Livesql3/dci.sql
dci,dbo,ClaimExtension,CAChildrenServices,Livesql3/dci.sql
dci,dbo,ClaimFileUpload,SupportUserID,Livesql3/dci.sql
dci,dbo,ClaimFileUploadAudit,SupportUserID,Livesql3/dci.sql
dci,dbo,ClaimFileUploadNote,SupportUserID,Livesql3/dci.sql
dci,dbo,ClaimPayment,SAServiceAuditID,Livesql3/dci.sql
dci,dbo,ClaimPayment,RTServiceAuditID,Livesql3/dci.sql
dci,dbo,ClaimPayment,ModifySupportUserID,Livesql3/dci.sql
dci,dbo,ClaimPaymentClaim,DateOfService,Livesql3/dci.sql
dci,dbo,ClaimPaymentClaimItem,ServicePaidCount,Livesql3/dci.sql
dci,dbo,ClaimPaymentClaimItem,ServiceCount,Livesql3/dci.sql
dci,dbo,ClaimPaymentClaimItem,ServiceIdentification,Livesql3/dci.sql
dci,dbo,ClaimPaymentClaimItem,ServiceDate,Livesql3/dci.sql
dci,dbo,ClaimPaymentHistory,RTServiceAuditID,Livesql3/dci.sql
dci,dbo,ClaimPaymentReport,SAServiceAuditID,Livesql3/dci.sql
dci,dbo,ClaimPaymentReportClaim,DateOfService,Livesql3/dci.sql
dci,dbo,ClaimResponse,SAServiceAuditId,Livesql3/dci.sql
dci,dbo,OfficeResponseAudit,ModifySupportUserID,Livesql3/dci.sql
dci,dbo,OpsAudit,ServiceCode,Livesql3/dci.sql
dci,dbo,OpsAudit,ServiceType,Livesql3/dci.sql
dci,dbo,PartnerClaimDeliveryOps,ServiceCode,Livesql3/dci.sql
dci,dbo,PartnerClaimDeliveryOps,SAServiceAuditId,Livesql3/dci.sql
dci,dbo,PartnerClaimDeliveryRegistration,ServiceCode,Livesql3/dci.sql
dci,dbo,PayerService,ServiceType,Livesql3/dci.sql
dci,dbo,PayerService,ServiceCode,Livesql3/dci.sql
dci,dbo,PayerServiceAudit,PayerServiceAuditID,Livesql3/dci.sql
dci,dbo,PayerServiceAudit,ServiceType,Livesql3/dci.sql
dci,dbo,PayerServiceAudit,ServiceCode,Livesql3/dci.sql
dci,dbo,Procedure,SupportUserID,Livesql3/dci.sql
dci,dbo,ProcedureAudit,SupportUserID,Livesql3/dci.sql
dci,dbo,ProviderRegistration,ServiceCode,Livesql3/dci.sql
dci,dbo,ProviderRegistration,SupportUserID,Livesql3/dci.sql
dci,dbo,RTBAWidgetUpdate,RTServiceAuditID,Livesql3/dci.sql
dci,dbo,ServiceClientProperty,ServiceClientPropertyID,Livesql3/dci.sql
dci,dbo,ServiceClientProperty,ServiceClientID,Livesql3/dci.sql
dci,dbo,ServiceCredential,ServiceCredentialID,Livesql3/dci.sql
dci,dbo,ServiceCredential,ServiceCode,Livesql3/dci.sql
dci,dbo,ServiceCredential,ServiceType,Livesql3/dci.sql
dci,dbo,ServiceInfo,ServiceInfoID,Livesql3/dci.sql
dci,dbo,ServiceInfo,ServiceCode,Livesql3/dci.sql
dci,dbo,ServiceInfo,ServiceType,Livesql3/dci.sql
dci,dbo,ServicePropertyAudit,ServicePropertyAuditID,Livesql3/dci.sql
dci,dbo,ServicePropertyAudit,ServicePropertyID,Livesql3/dci.sql
dci,dbo,ServicePropertyAudit,ServiceCode,Livesql3/dci.sql
dci,dbo,ServicePropertyAudit,ServiceType,Livesql3/dci.sql
dci,dbo,ServiceTypeProcedure,ServiceTypeCode,Livesql3/dci.sql
dci,dbo,SummaryAudit,ServiceCode,Livesql3/dci.sql
dci,dbo,XmlEdiErrorCode,ServiceCode,Livesql3/dci.sql
dci,dbo,XmlEdiErrorCode,ServiceType,Livesql3/dci.sql
cred,dbo,ApplicationSet,SupportUserID,Livesql3/cred.sql
cred,dbo,ApplicationSetDocument,CreateSupportUserID,Livesql3/cred.sql
cred,dbo,ApplicationSetDocumentMeta,CreateSupportUserID,Livesql3/cred.sql
cred,dbo,ApplicationSetHistory,SupportUserID,Livesql3/cred.sql
cred,dbo,ApplicationSetSupportUserHistory,SupportUserHistoryID,Livesql3/cred.sql
cred,dbo,ApplicationSetSupportUserHistory,SupportUserID,Livesql3/cred.sql
cred,dbo,NPDBServiceAudit,NPDBServiceAuditID,Livesql3/cred.sql
cred,dbo,OutreachPayerConfig,SupportEmail,Livesql3/cred.sql
cred,dbo,OutreachPayerConfig,SupportPhone,Livesql3/cred.sql
cred,dbo,OutreachPayerConfigAudit,SupportEmail,Livesql3/cred.sql
cred,dbo,OutreachPayerConfigAudit,SupportPhone,Livesql3/cred.sql
cred,dbo,OutreachStaffGroupMembers,SupportUserID,Livesql3/cred.sql
cred,dbo,OutreachStaffGroupMembersAudit,SupportUserID,Livesql3/cred.sql
cred,dbo,PayerChecklistAnswer,CreateSupportUserID,Livesql3/cred.sql
cred,dbo,PayerChecklistAnswer,ModifySupportUserID,Livesql3/cred.sql
cred,dbo,PayerConfig,ModifySupportUserID,Livesql3/cred.sql
cred,dbo,PayerEmailConfig,CreateSupportuserID,Livesql3/cred.sql
cred,dbo,PayerEmailConfig,ModifySupportuserID,Livesql3/cred.sql
cred,dbo,PayerTagValueConfig,SupportUserID,Livesql3/cred.sql
cred,dbo,PrimaryDataSourceConfig,ServiceCode,Livesql3/cred.sql
cred,dbo,PrimaryDataSourceConfig,BillingServiceCode,Livesql3/cred.sql
cred,dbo,PrimaryDataSourceLookupResponse,CreateSupportUserID,Livesql3/cred.sql
cred,dbo,ProviderGroupDetail,SAServiceAuditID,Livesql3/cred.sql
cred,dbo,ProviderGroupDetail,ServiceCode,Livesql3/cred.sql
ntf,dbo,SAServiceAudit,SAServiceAuditID,Livesql3/ntf.sql
ntf,dbo,SAServiceAudit,ServiceCode,Livesql3/ntf.sql
ntf,dbo,SAServiceAudit,ServiceType,Livesql3/ntf.sql
ntf,dbo,ServiceDowntime,ServiceDowntimeID,Livesql3/ntf.sql
ntf,dbo,ServiceDowntime,ServiceCode,Livesql3/ntf.sql
ntf,dbo,ServiceDowntime,ServiceType,Livesql3/ntf.sql
ntf,dbo,ServiceHostConfiguration,ServiceHostConfigurationID,Livesql3/ntf.sql
ntf,dbo,ServiceHostConfiguration,ServiceCode,Livesql3/ntf.sql
ntf,dbo,ServiceHostConfiguration,ServiceType,Livesql3/ntf.sql
ntf,dbo,ServiceProperty,ServicePropertyID,Livesql3/ntf.sql
ntf,dbo,ServiceProperty,ServiceCode,Livesql3/ntf.sql
ntf,dbo,ServiceProperty,ServiceType,Livesql3/ntf.sql
ntf,dbo,ServicePropertyAudit,ServicePropertyAuditID,Livesql3/ntf.sql
ntf,dbo,ServicePropertyAudit,ServicePropertyID,Livesql3/ntf.sql
ntf,dbo,ServicePropertyAudit,ServiceCode,Livesql3/ntf.sql
ntf,dbo,ServicePropertyAudit,ServiceType,Livesql3/ntf.sql
chs,dbo,MetaClaim,DateOfService,Livesql3/chs.sql
chs,dbo,ClaimStatusTracing_Contractors,SupportUserID,Livesql3/chs.sql
chs,dbo,ClaimPayment,RTServiceAuditID,Livesql3/chs.sql
chs,dbo,ClaimPayment,ModifySupportUserID,Livesql3/chs.sql
chs,dbo,ClaimPaymentClaim,DateOfService,Livesql3/chs.sql
chs,dbo,ClaimPaymentClaimItem,ServicePaidCount,Livesql3/chs.sql
chs,dbo,ClaimPaymentClaimItem,ServiceCount,Livesql3/chs.sql
chs,dbo,ClaimPaymentClaimItem,ServiceIdentification,Livesql3/chs.sql
chs,dbo,ClaimPaymentClaimItem,ServiceDate,Livesql3/chs.sql
chs,dbo,ClaimPaymentRegistration,SupportUserID,Livesql3/chs.sql
chs,dbo,ClaimPaymentRegistrationHistory,SupportUserID,Livesql3/chs.sql
chs,dbo,DBA,EnteredSupportUserID,Livesql3/chs.sql
chs,dbo,DBA,ApprovedSupportUserID,Livesql3/chs.sql
chs,dbo,MetaFileNote,SupportUserID,Livesql3/chs.sql
chs,dbo,PartnerMessageRoutingExclude,SupportUserId,Livesql3/chs.sql
chs,dbo,PartnerMessageRoutingExcludeAudit,SupportUserId,Livesql3/chs.sql
chs,dbo,PartnerPartnerCodeBillingConfig,ModifySupportUserID,Livesql3/chs.sql
chs,dbo,PartnerStatementItemAdjustment,EnteredSupportUserID,Livesql3/chs.sql
chs,dbo,PartnerStatementItemAdjustment,ApprovedSupportUserID,Livesql3/chs.sql
chs,dbo,PartnerStatementItemAdjustmentAudit,EnteredSupportUserID,Livesql3/chs.sql
chs,dbo,PartnerStatementItemAdjustmentAudit,ApprovedSupportUserID,Livesql3/chs.sql
chs,dbo,PartnerTranSubTypePayerNameTranslation,SupportUserId,Livesql3/chs.sql
chs,dbo,PartnerTranSubTypePayerNameTranslationAudit,SupportUserId,Livesql3/chs.sql
chs,dbo,RTServiceAudit,RTServiceAuditID,Livesql3/chs.sql
chs,dbo,RTServiceAudit,ServiceCode,Livesql3/chs.sql
chs,dbo,RTServiceAudit,ServiceType,Livesql3/chs.sql
chs,dbo,RTServiceAudit,SubServiceType,Livesql3/chs.sql
chs,dbo,ServiceProperty,ServicePropertyID,Livesql3/chs.sql
chs,dbo,ServiceProperty,ServiceCode,Livesql3/chs.sql
chs,dbo,ServiceProperty,ServiceType,Livesql3/chs.sql
chs,dbo,ServicePropertyAudit,ServicePropertyAuditID,Livesql3/chs.sql
chs,dbo,ServicePropertyAudit,ServicePropertyID,Livesql3/chs.sql
chs,dbo,ServicePropertyAudit,ServiceCode,Livesql3/chs.sql
chs,dbo,ServicePropertyAudit,ServiceType,Livesql3/chs.sql
pfs,dbo,ServiceProperty,ServicePropertyID,Livesql3/pfs.sql
pfs,dbo,ServiceProperty,ServiceCode,Livesql3/pfs.sql
pfs,dbo,ServiceProperty,ServiceType,Livesql3/pfs.sql
pfs,dbo,ApplicationDigest,ServiceCode,Livesql3/pfs.sql
pfs,dbo,AuthorizationRequest,ServiceCode,Livesql3/pfs.sql
pfs,dbo,AuthorizationRequest,ServiceClientID,Livesql3/pfs.sql
pfs,dbo,AuthorizationRequest,RTServiceAuditID,Livesql3/pfs.sql
pfs,dbo,AuthorizationRequest,SAServiceAuditID,Livesql3/pfs.sql
pfs,dbo,AuthorizationRequest,SupportUserID,Livesql3/pfs.sql
pfs,dbo,AuthorizationRequestHistory,RTServiceAuditID,Livesql3/pfs.sql
pfs,dbo,AuthorizationRequestHistory,SAServiceAuditID,Livesql3/pfs.sql
pfs,dbo,AuthorizationRequestHistory,SupportUserID,Livesql3/pfs.sql
pfs,dbo,AuthorizationResponse,RTServiceAuditID,Livesql3/pfs.sql
pfs,dbo,AuthorizationResponse,SupportUserID,Livesql3/pfs.sql
pfs,dbo,CreditApplication,ServiceCode,Livesql3/pfs.sql
pfs,dbo,CreditApplication,ServiceClientID,Livesql3/pfs.sql
pfs,dbo,CreditApplication,RTServiceAuditID,Livesql3/pfs.sql
pfs,dbo,CreditApplication,SAServiceAuditID,Livesql3/pfs.sql
pfs,dbo,CreditApplication,SupportUserID,Livesql3/pfs.sql
pfs,dbo,CreditApplicationHistory,RTServiceAuditID,Livesql3/pfs.sql
pfs,dbo,CreditApplicationHistory,SAServiceAuditID,Livesql3/pfs.sql
pfs,dbo,CreditApplicationHistory,SupportUserID,Livesql3/pfs.sql
pfs,dbo,CreditOffer,RTServiceAuditID,Livesql3/pfs.sql
pfs,dbo,CreditOffer,SupportUserID,Livesql3/pfs.sql
pfs,dbo,CreditPartner,ServiceCode,Livesql3/pfs.sql
pfs,dbo,CreditReport,RTServiceAuditID,Livesql3/pfs.sql
pfs,dbo,PartnerCreditPlan,ServiceCode,Livesql3/pfs.sql
pfs,dbo,PartnerError,ServiceCode,Livesql3/pfs.sql
pfs,dbo,PFSGroup,ServiceCode,Livesql3/pfs.sql
pfs,dbo,PFSGroup,SupportUserID,Livesql3/pfs.sql
pfs,dbo,PFSGroupHistory,ServiceCode,Livesql3/pfs.sql
pfs,dbo,PFSGroupHistory,SupportUserID,Livesql3/pfs.sql
pfs,dbo,RTServiceAudit,RTServiceAuditID,Livesql3/pfs.sql
pfs,dbo,RTServiceAudit,ServiceCode,Livesql3/pfs.sql
pfs,dbo,RTServiceAudit,ServiceType,Livesql3/pfs.sql
pfs,dbo,SAServiceAudit,SAServiceAuditID,Livesql3/pfs.sql
pfs,dbo,SAServiceAudit,ServiceCode,Livesql3/pfs.sql
pfs,dbo,SAServiceAudit,ServiceType,Livesql3/pfs.sql
pfs,dbo,ServicePropertyAudit,ServicePropertyAuditID,Livesql3/pfs.sql
pfs,dbo,ServicePropertyAudit,ServicePropertyID,Livesql3/pfs.sql
pfs,dbo,ServicePropertyAudit,ServiceCode,Livesql3/pfs.sql
pfs,dbo,ServicePropertyAudit,ServiceType,Livesql3/pfs.sql
pfs,dbo,Settlement,ServiceCode,Livesql3/pfs.sql
pfs,dbo,Settlement,SAServiceAuditID,Livesql3/pfs.sql
pfs,dbo,SettlementHistory,ServiceCode,Livesql3/pfs.sql
pfs,dbo,SettlementHistory,SAServiceAuditID,Livesql3/pfs.sql
reports,dbo,DssCommissionEarnedPoints,SupportUserID,Livesql3/reportst.sql
reports,dbo,DssSupportUserProfile,DssSupportUserProfileID,Livesql3/reportst.sql
reports,dbo,DssSupportUserProfile,SupportUserID,Livesql3/reportst.sql
reports,dbo,residual,Assist Service,Livesql3/reportst.sql
reports,dbo,residual,Assist Service1,Livesql3/reportst.sql
reports,dbo,residual,AXB PSF Services and Professional Services,Livesql3/reportst.sql
reports,dbo,DssSalesCommission,SupportUserID,Livesql3/reportst.sql
reports,dbo,GroupActivity,SupportUserID,Livesql3/reportst.sql
reports,dbo,GroupActivity,SupportUserFirstName,Livesql3/reportst.sql
reports,dbo,GroupActivity,SupportUserLastName,Livesql3/reportst.sql
reports,dbo,DssStatementItemSummary,SupportUserID,Livesql3/reportst.sql
reports,dbo,DssCommissionEarnedPointsDetail,SupportUserID,Livesql3/reportst.sql
reports,dbo,DssCommissionEarnedPointsDetail,SupportedPMS,Livesql3/reportst.sql
reports,dbo,DssCommissionEarnedPointsDetail,NotSupportedPMS,Livesql3/reportst.sql
reports,dbo,Billing_StatementActivityLog,SupportUserID,Livesql3/reportst.sql
reports,dbo,ClaimConnectClaimDeliveryFacts,RTServiceAuditID,Livesql3/reportst.sql
reports,dbo,Claims_status40,SAServiceAuditID,Livesql3/reportst.sql
reports,dbo,Claims_status40,ServiceCode,Livesql3/reportst.sql
reports,dbo,Claims_status40,ServiceType,Livesql3/reportst.sql
reports,dbo,CommissionRates,SupportUserID,Livesql3/reportst.sql
reports,dbo,CommissionSplitTemp,New Support User ,Livesql3/reportst.sql
reports,dbo,commreport,SupportUserID,Livesql3/reportst.sql
reports,dbo,CredReports,ServiceCode,Livesql3/reportst.sql
reports,dbo,DSSCommissionAuditbyTin,SupportUserID,Livesql3/reportst.sql
reports,dbo,DssCommissionEarnedPoints2,SupportUserID,Livesql3/reportst.sql
reports,dbo,DssCommissionEarnedPointsDetail0218,SupportUserID,Livesql3/reportst.sql
reports,dbo,DssCommissionEarnedPointsDetail0218,SupportedPMS,Livesql3/reportst.sql
reports,dbo,DssCommissionEarnedPointsDetail0218,NotSupportedPMS,Livesql3/reportst.sql
reports,dbo,DssCommissionEarnedPointsDetail2,SupportUserID,Livesql3/reportst.sql
reports,dbo,DssCommissionEarnedPointsDetail2,SupportedPMS,Livesql3/reportst.sql
reports,dbo,DssCommissionEarnedPointsDetail2,NotSupportedPMS,Livesql3/reportst.sql
reports,dbo,DssCommissionEarnedPointsDetailbkup,SupportUserID,Livesql3/reportst.sql
reports,dbo,DssCommissionEarnedPointsDetailbkup,SupportedPMS,Livesql3/reportst.sql
reports,dbo,DssCommissionEarnedPointsDetailbkup,NotSupportedPMS,Livesql3/reportst.sql
reports,dbo,DssFDResidualReport,Assist_Service,Livesql3/reportst.sql
reports,dbo,DssFirstDataResidual,Assist_Service,Livesql3/reportst.sql
reports,dbo,DssFirstDataResidual,Assist_Service2,Livesql3/reportst.sql
reports,dbo,DssFonalitySupportSum,DssFonalitySupportSumID,Livesql3/reportst.sql
reports,dbo,DssGroup,SupportUserID,Livesql3/reportst.sql
reports,dbo,DssGroupCommissionCalc,SupportUserID,Livesql3/reportst.sql
reports,dbo,DssGroupCommissionCalcDaily,SupportUserID,Livesql3/reportst.sql
reports,dbo,DssSalesCommission032018,SupportUserID,Livesql3/reportst.sql
reports,dbo,DssSalesCommissionDetail,SupportUserID,Livesql3/reportst.sql
reports,dbo,DssSalesCommissionDetail,SupportedPMS,Livesql3/reportst.sql
reports,dbo,DssSalesCommissionDetail,NotSupportedPMS,Livesql3/reportst.sql
reports,dbo,DssSalesCommissionDetail012018,SupportUserID,Livesql3/reportst.sql
reports,dbo,DssSalesCommissionDetail012018,SupportedPMS,Livesql3/reportst.sql
reports,dbo,DssSalesCommissionDetail012018,NotSupportedPMS,Livesql3/reportst.sql
reports,dbo,DssSalesCommissionDetail0218,SupportUserID,Livesql3/reportst.sql
reports,dbo,DssSalesCommissionDetail0218,SupportedPMS,Livesql3/reportst.sql
reports,dbo,DssSalesCommissionDetail0218,NotSupportedPMS,Livesql3/reportst.sql
reports,dbo,DssSalesCommissionTempA,SupportUserID,Livesql3/reportst.sql
reports,dbo,DssSalesCommissionTempB,SupportUserID,Livesql3/reportst.sql
reports,dbo,EncountersClaims,ServiceAuditID,Livesql3/reportst.sql
reports,dbo,GPMissingItems,ServiceCode,Livesql3/reportst.sql
reports,dbo,GroupTransSummaryType,SupportRoleFlag,Livesql3/reportst.sql
reports,dbo,MacroReport,SupportUserid,Livesql3/reportst.sql
reports,dbo,March 2021A,Service,Livesql3/reportst.sql
reports,dbo,NEASubscriptionAggregation,VIPServiceCode,Livesql3/reportst.sql
reports,dbo,NEASubscriptionAggregation,PackageServiceCode,Livesql3/reportst.sql
reports,dbo,OldClaims,SAServiceAuditID,Livesql3/reportst.sql
reports,dbo,OldClaims,ServiceCode,Livesql3/reportst.sql
reports,dbo,OldClaims,ServiceType,Livesql3/reportst.sql
reports,dbo,PartnerStatementItemAdjustment08162022,EnteredSupportUserID,Livesql3/reportst.sql
reports,dbo,PartnerStatementItemAdjustment08162022,ApprovedSupportUserID,Livesql3/reportst.sql
reports,dbo,Residual_backup_012115,Assist Service,Livesql3/reportst.sql
reports,dbo,Residual_backup_012115,Assist Service1,Livesql3/reportst.sql
reports,dbo,Residual_backup_012115,AXB PSF Services and Professional Services,Livesql3/reportst.sql
reports,dbo,Residual_backup_022315,Assist Service,Livesql3/reportst.sql
reports,dbo,Residual_backup_022315,Assist Service1,Livesql3/reportst.sql
reports,dbo,Residual_backup_022315,AXB PSF Services and Professional Services,Livesql3/reportst.sql
reports,dbo,Residual_New,Assist Service,Livesql3/reportst.sql
reports,dbo,Residual_New,Assist Service1,Livesql3/reportst.sql
reports,dbo,Residual_New,AXB PSF Services and Professional Services,Livesql3/reportst.sql
reports,dbo,Residual_New_10212015,Assist Service,Livesql3/reportst.sql
reports,dbo,Residual_New_10212015,Assist Service1,Livesql3/reportst.sql
reports,dbo,Residual_New_10212015,AXB PSF Services and Professional Services,Livesql3/reportst.sql
reports,dbo,Residual_New_Audit,Assist Service,Livesql3/reportst.sql
reports,dbo,Residual_New_Audit,Assist Service1,Livesql3/reportst.sql
reports,dbo,Residual_New_Audit,AXB PSF Services and Professional Services,Livesql3/reportst.sql
reports,dbo,Residual_New_Audit02172017,Assist Service,Livesql3/reportst.sql
reports,dbo,Residual_New_Audit02172017,Assist Service1,Livesql3/reportst.sql
reports,dbo,Residual_New_Audit02172017,AXB PSF Services and Professional Services,Livesql3/reportst.sql
reports,dbo,Residual_New_old,Assist Service,Livesql3/reportst.sql
reports,dbo,Residual_New_old,Assist Service1,Livesql3/reportst.sql
reports,dbo,Residual_New_old,AXB PSF Services and Professional Services,Livesql3/reportst.sql
reports,dbo,Residual_New06202016_newcolumn ,Assist Service,Livesql3/reportst.sql
reports,dbo,Residual_New06202016_newcolumn ,Assist Service1,Livesql3/reportst.sql
reports,dbo,Residual_New06202016_newcolumn ,AXB PSF Services and Professional Services,Livesql3/reportst.sql
reports,dbo,residual_old,Assist Service,Livesql3/reportst.sql
reports,dbo,residual_old,Assist Service1,Livesql3/reportst.sql
reports,dbo,residual_old,AXB PSF Services and Professional Services,Livesql3/reportst.sql
reports,dbo,rpt_AvgRTtrans,ServiceCode,Livesql3/reportst.sql
reports,dbo,rpt_AvgRTtrans,ServiceType,Livesql3/reportst.sql
reports,dbo,rpt_GHI_Activity,SupportUser,Livesql3/reportst.sql
reports,dbo,rpt_NewActivity,SupportUser,Livesql3/reportst.sql
reports,dbo,rpt_PartnerBillingIntegrity,ServiceCode,Livesql3/reportst.sql
reports,dbo,RTServiceAudit,RTServiceAuditID,Livesql3/reportst.sql
reports,dbo,RTServiceAudit,ServiceCode,Livesql3/reportst.sql
reports,dbo,RTServiceAudit,ServiceType,Livesql3/reportst.sql
reports,dbo,RTServiceAudit,SubServiceType,Livesql3/reportst.sql
reports,dbo,RTServiceReports,RTServiceReportsID,Livesql3/reportst.sql
reports,dbo,RTServiceReports,ServiceCode,Livesql3/reportst.sql
reports,dbo,RTServiceReports,ServiceType,Livesql3/reportst.sql
reports,dbo,RTTrans,ServiceType,Livesql3/reportst.sql
reports,dbo,SAServiceAudit,SAServiceAuditID,Livesql3/reportst.sql
reports,dbo,SAServiceAudit,ServiceCode,Livesql3/reportst.sql
reports,dbo,SAServiceAudit,ServiceType,Livesql3/reportst.sql
reports,dbo,ServiceDowntime,ServiceDowntimeID,Livesql3/reportst.sql
reports,dbo,ServiceDowntime,ServiceCode,Livesql3/reportst.sql
reports,dbo,ServiceDowntime,ServiceType,Livesql3/reportst.sql
reports,dbo,ServiceFailure,ServiceCode,Livesql3/reportst.sql
reports,dbo,ServiceFailure,ServiceType,Livesql3/reportst.sql
reports,dbo,ServiceHostConfiguration,ServiceHostConfigurationID,Livesql3/reportst.sql
reports,dbo,ServiceHostConfiguration,ServiceCode,Livesql3/reportst.sql
reports,dbo,ServiceHostConfiguration,ServiceType,Livesql3/reportst.sql
reports,dbo,ServiceProperty,ServicePropertyID,Livesql3/reportst.sql
reports,dbo,ServiceProperty,ServiceCode,Livesql3/reportst.sql
reports,dbo,ServiceProperty,ServiceType,Livesql3/reportst.sql
reports,dbo,ServicePropertyAudit,ServicePropertyAuditID,Livesql3/reportst.sql
reports,dbo,ServicePropertyAudit,ServicePropertyID,Livesql3/reportst.sql
reports,dbo,ServicePropertyAudit,ServiceCode,Livesql3/reportst.sql
reports,dbo,ServicePropertyAudit,ServiceType,Livesql3/reportst.sql
reports,dbo,SupportACD,SupportAcdID,Livesql3/reportst.sql
reports,dbo,SupportACD,SAServiceAuditID,Livesql3/reportst.sql
reports,dbo,SupportCDR,SupportCdrID,Livesql3/reportst.sql
reports,dbo,SupportCDR,SAServiceAuditID,Livesql3/reportst.sql
reports,dbo,supportFonalityCDRTmp,supportext,Livesql3/reportst.sql
reports,dbo,supportFonalityCDRTmp,supportqueue,Livesql3/reportst.sql
reports,dbo,supportFonalityCDRTmp,CSsupportcall,Livesql3/reportst.sql
reports,dbo,supportFonalityCDRTmp,supportcall,Livesql3/reportst.sql
reports,dbo,temp_DSO_Claims,RecordModifySupportUserID,Livesql3/reportst.sql
reports,dbo,temp_DSO_Claims_TransactionEvents,RecordModifySupportUserID,Livesql3/reportst.sql
reports,dbo,temp_DSO_Cred,RecordModifySupportUserID,Livesql3/reportst.sql
reports,dbo,temp_DSO_ERA,RecordModifySupportUserID,Livesql3/reportst.sql
reports,dbo,temp_DSO_PatStmt,RecordModifySupportUserID,Livesql3/reportst.sql
reports,dbo,temp_DSO_RTClaims,RecordModifySupportUserID,Livesql3/reportst.sql
reports,dbo,temp_DSO_RTCount,RecordModifySupportUserID,Livesql3/reportst.sql
reports,dbo,temp_DSO_Subscription_ClientSubscriptionEvents,ServiceCode,Livesql3/reportst.sql
reports,dbo,temp_DSO_Subscription_ClientSubscriptionEvents,RecordModifySupportUserID,Livesql3/reportst.sql
reports,dbo,temptom,DateOfService,Livesql3/reportst.sql
reports,dbo,TEST_DssSalesCommission,SupportUserID,Livesql3/reportst.sql
reports,dbo,tomtemp28,DateOfService,Livesql3/reportst.sql
reports,tmort,dfcgroups,Serviced,Livesql3/reportst.sql
reports,tmort,DssVIP,ServiceCode,Livesql3/reportst.sql
reports,tmort,DssVIP,PrimarySupportUserID,Livesql3/reportst.sql
reports,tmort,GEDCclaims,servicestartdate,Livesql3/reportst.sql
reports,tmort,GEDFileSummary,servicestartdate,Livesql3/reportst.sql
reports,tmort,StatementItemSummary,SupportUserID,Livesql3/reportst.sql
reports,tmort,TempDenticonUsers,ModifySupportUserID,Livesql3/reportst.sql
reports,tmort,tomdcp20110404load,DateOfService,Livesql3/reportst.sql
dea,dbo,arc_Attachment_RTServiceAuditID_Delete_List,RTServiceAuditID,Livesql3/dea.sql
dea,dbo,arc_Attachment_SAServiceAuditID_Delete_List,SAServiceAuditID,Livesql3/dea.sql
dea,dbo,Attachment,ServiceCode,Livesql3/dea.sql
dea,dbo,Attachment,ServiceAuditID,Livesql3/dea.sql
dea,dbo,Attachment,DateOfService,Livesql3/dea.sql
dea,dbo,Attachment,SupportUserID,Livesql3/dea.sql
dea,dbo,Attachment,RTServiceAuditID,Livesql3/dea.sql
dea,dbo,AttachmentHistory,ServiceAuditId,Livesql3/dea.sql
dea,dbo,AttachmentHistory,SupportUserId,Livesql3/dea.sql
dea,dbo,AttachmentHistory,RtServiceAuditId,Livesql3/dea.sql
dea,dbo,AttachmentService,AttachmentServiceID,Livesql3/dea.sql
dea,dbo,AttachmentService,ServiceType,Livesql3/dea.sql
dea,dbo,AttachmentService,ServiceCode,Livesql3/dea.sql
dea,dbo,AttachmentService,SupportUserID,Livesql3/dea.sql
dea,dbo,AttachmentServiceAudit,AttachmentServiceAuditID,Livesql3/dea.sql
dea,dbo,AttachmentServiceAudit,AttachmentServiceID,Livesql3/dea.sql
dea,dbo,AttachmentServiceAudit,ServiceType,Livesql3/dea.sql
dea,dbo,AttachmentServiceAudit,ServiceCode,Livesql3/dea.sql
dea,dbo,AttachmentServiceAudit,SupportUserID,Livesql3/dea.sql
dea,dbo,RTServiceAudit,RTServiceAuditID,Livesql3/dea.sql
dea,dbo,RTServiceAudit,ServiceCode,Livesql3/dea.sql
dea,dbo,RTServiceAudit,ServiceType,Livesql3/dea.sql
dea,dbo,RTServiceAudit,SubServiceType,Livesql3/dea.sql
dea,dbo,SAServiceAudit,SAServiceAuditID,Livesql3/dea.sql
dea,dbo,SAServiceAudit,ServiceCode,Livesql3/dea.sql
dea,dbo,SAServiceAudit,ServiceType,Livesql3/dea.sql
dea,dbo,ServiceDowntime,ServiceDowntimeID,Livesql3/dea.sql
dea,dbo,ServiceDowntime,ServiceCode,Livesql3/dea.sql
dea,dbo,ServiceDowntime,ServiceType,Livesql3/dea.sql
dea,dbo,ServiceHostConfiguration,ServiceHostConfigurationID,Livesql3/dea.sql
dea,dbo,ServiceHostConfiguration,ServiceCode,Livesql3/dea.sql
dea,dbo,ServiceHostConfiguration,ServiceType,Livesql3/dea.sql
dea,dbo,ServiceProperty,ServicePropertyID,Livesql3/dea.sql
dea,dbo,ServiceProperty,ServiceCode,Livesql3/dea.sql
dea,dbo,ServiceProperty,ServiceType,Livesql3/dea.sql
dea,dbo,ServicePropertyAudit,ServicePropertyAuditID,Livesql3/dea.sql
dea,dbo,ServicePropertyAudit,ServicePropertyID,Livesql3/dea.sql
dea,dbo,ServicePropertyAudit,ServiceCode,Livesql3/dea.sql
dea,dbo,ServicePropertyAudit,ServiceType,Livesql3/dea.sql
ptp,dbo,ProviderPayment,DateOfService,Livesql3/ptp.sql
dxcps,dbo,Payment_Type_T,Supported_CH,Livesql3/dxcps.sql
dxcps,dbo,User_T,Service_User,Livesql3/dxcps.sql
dxcps,dbo,FD_GlobalBIN,AccountFundSource,Livesql3/dxcps.sql
dxcps,dbo,Processor_T,Service_ID,Livesql3/dxcps.sql
dxcps,dbo,Service_Plan_T,Service_ID,Livesql3/dxcps.sql
dxcps,dbo,Service_T,Service_ID,Livesql3/dxcps.sql
dxcps,dbo,Service_T,Service_Name,Livesql3/dxcps.sql
dxcps,dbo,Service_T,Service_Desc,Livesql3/dxcps.sql
ddir,dbo,PracticeProfile,PublishServices,Livesql3/ddir.sql
ddir,dbo,PracticeProfileAudit,PublishServices,Livesql3/ddir.sql
ddir,dbo,PracticeService,ServiceID,Livesql3/ddir.sql
ddir,dbo,PracticeServiceAudit,PracticeServiceAuditID,Livesql3/ddir.sql
ddir,dbo,PracticeServiceAudit,ServiceID,Livesql3/ddir.sql
ddir,dbo,Service,ServiceID,Livesql3/ddir.sql
