Database,Source Table,Source Key Column,Target Table,Target Column,File
rpt,CategoryQuestion,CategoryID,FK_CategoryQuestion_Category_CategoryID,Category,CategoryID,DTT-ANA-PRD/rpt.sql
rpt,CategoryQuestion,QuestionID,FK_CategoryQuestion_Question_QuestionID,Question,QuestionID,DTT-ANA-PRD/rpt.sql
rpt,DashboardCategory,CategoryID,FK_DashboardCategory_Category_CategoryID,Category,CategoryID,DTT-ANA-PRD/rpt.sql
rpt,DashboardCategory,DashboardID,FK_DashboardCategory_Dashboard_DashboardID,Dashboard,DashboardID,DTT-ANA-PRD/rpt.sql
rpt,DashboardCategoryFilter,DashboardCategoryID,FK_DashboardCategoryFilter_DashboardCategory_DashboardCategoryID,DashboardCategory,DashboardCategoryID,DTT-ANA-PRD/rpt.sql
rpt,DashboardCategoryFilter,FilterID,FK_DashboardCategoryFilter_Filter_FilterID,Filter,FilterID,DTT-ANA-PRD/rpt.sql
rpt,DashboardCategoryQuestion,DashboardCategoryID,FK_DashboardCategoryQuestion_DashboardCategory_DashboardCategoryID,DashboardCategory,DashboardCategoryID,DTT-ANA-PRD/rpt.sql
rpt,DashboardCategoryQuestion,QuestionID,FK_DashboardCategoryQuestion_Question_QuestionID,Question,QuestionID,DTT-ANA-PRD/rpt.sql
rpt,DashboardFilter,DashboardID,FK_DashboardFilter_Dashboard_DashboardID,Dashboard,DashboardID,DTT-ANA-PRD/rpt.sql
rpt,DashboardFilter,FilterID,FK_DashboardFilter_Filter_FilterID,Filter,FilterID,DTT-ANA-PRD/rpt.sql
rpt,DashboardQuestion,DashboardID,FK_DashboardQuestion_Dashboard_DashboardID,Dashboard,DashboardID,DTT-ANA-PRD/rpt.sql
rpt,DashboardQuestion,QuestionID,FK_DashboardQuestion_Question_QuestionID,Question,QuestionID,DTT-ANA-PRD/rpt.sql
rpt,FilterDefault,FilterID,FK_FilterDefault_Filter_FilterID,Filter,FilterID,DTT-ANA-PRD/rpt.sql
rpt,FilterOption,FilterID,FK_FilterOption_Filter_FilterID,Filter,FilterID,DTT-ANA-PRD/rpt.sql
rpt,FilterQuery,FilterID,FK_FilterQuery_Filter_FilterID,Filter,FilterID,DTT-ANA-PRD/rpt.sql
rpt,QuestionFilter,FilterID,FK_QuestionFilter_Filter_FilterID,Filter,FilterID,DTT-ANA-PRD/rpt.sql
rpt,QuestionFilter,QuestionID,FK_QuestionFilter_Question_QuestionID,Question,QuestionID,DTT-ANA-PRD/rpt.sql
rpt,ReportChart,DefinitionID,FK_ReportChart_ReportDefinition_DefinitionID,ReportDefinition,DefinitionID,DTT-ANA-PRD/rpt.sql
rpt,ReportChartColumn,ChartID,FK_ReportChartColumn_ReportChart_ChartID,ReportChart,ChartID,DTT-ANA-PRD/rpt.sql
rpt,ReportColumn,DataSourceID,FK_ReportColumn_ReportDataSource,ReportDataSource,DataSourceID,DTT-ANA-PRD/rpt.sql
rpt,ReportColumn,LinkDefinitionID,FK_ReportColumn_ReportDefinition_LinkDefinitionID,ReportDefinition,DefinitionID,DTT-ANA-PRD/rpt.sql
rpt,ReportColumnTransformation,ColumnID,FK_ReportColumnTransformation_ReportColumn_ColumnID,ReportColumn,ColumnID,DTT-ANA-PRD/rpt.sql
rpt,ReportColumnTransformation,DataSourceID,FK_ReportColumnTransformation_ReportDataSource_DataSourceID,ReportDataSource,DataSourceID,DTT-ANA-PRD/rpt.sql
rpt,ReportDataSource,DefinitionID,FK_ReportDataSource_ReportDataSource_ReportDefinitionID,ReportDefinition,DefinitionID,DTT-ANA-PRD/rpt.sql
rpt,ReportDataSourceRelationship,LeftDataSourceID,FK_ReportDataSourceRelationship_ReportDataSource_LeftDataSouceID,ReportDataSource,DataSourceID,DTT-ANA-PRD/rpt.sql
rpt,ReportDataSourceRelationship,RightDataSourceID,FK_ReportDataSourceRelationship_ReportDataSource_RightDataSourceID,ReportDataSource,DataSourceID,DTT-ANA-PRD/rpt.sql
rpt,ReportFilter,ColumnID,FK_ReportFilter_ReportColumn_ColumnID,ReportColumn,ColumnID,DTT-ANA-PRD/rpt.sql
rpt,ReportFilter,DataSourceID,FK_ReportFilter_ReportDataSource_DataSourceID,ReportDataSource,DataSourceID,DTT-ANA-PRD/rpt.sql
rpt,ReportFilter,DefinitionID,FK_ReportFilter_ReportDefinition_DefinitionID,ReportDefinition,DefinitionID,DTT-ANA-PRD/rpt.sql
rpt,ReportFilterOption,FilterID,FK_ReportFilterOption_ReportFilter_FilterID,ReportFilter,FilterID,DTT-ANA-PRD/rpt.sql
rpt,ReportFilterOptionQuery,FilterID,FK_ReportFilterOptionQuery_ReportFilter_FilterID,ReportFilter,FilterID,DTT-ANA-PRD/rpt.sql
rpt,ReportGroupDefinition,ReportDefinitionID,FK_ReportGroupDefinition_ReportDefinition_DefnitIonID,ReportDefinition,DefinitionID,DTT-ANA-PRD/rpt.sql
rpt,ReportGroupDefinition,ReportGroupID,FK_ReportGroupDefinition_ReportGroup_ReportGroupID,ReportGroup,ReportGroupID,DTT-ANA-PRD/rpt.sql
rpt,ReportQuery,DefinitionID,FK_ReportQuery_ReportDefinition_DefinitionID,ReportDefinition,DefinitionID,DTT-ANA-PRD/rpt.sql
rpt,SSISDistributionClients,DataDaysID,FK_SSISDistributionClients_DataDaysID,SSISDataDays,DataDaysID,DTT-ANA-PRD/rpt.sql
rpt,SSISDistributionClients,DeliveryDayID,FK_SSISDistributionClients_DeliveryDayID,SSISDeliveryDays,DeliveryDayID,DTT-ANA-PRD/rpt.sql
rpt,SSISDistributionClients,ReportFrequencyID,FK_SSISDistributionClients_ReportFrequencyID,SSISReportFrequencies,ReportFrequencyID,DTT-ANA-PRD/rpt.sql
rpt,SSISDistributionClients,TemplateReportID,FK_SSISDistributionClients_TemplateReportID,SSISTemplateReports,TemplateReportID,DTT-ANA-PRD/rpt.sql
rpt,SSISDistributionClientsEmails,DistributionClientID,FK_SSISDistributionClientsEmails_DistributionClientID,SSISDistributionClients,DistributionClientID,DTT-ANA-PRD/rpt.sql
rpt,SSISDistributionClientsFTPDistributions,DistributionClientID,FK_SSISDistributionClientsFTPDistributions_DistributionClientID,SSISDistributionClients,DistributionClientID,DTT-ANA-PRD/rpt.sql
rpt,SSISGrandfatheredReportsMap,DistributionClientID,FK_SSISGrandfatheredReportsMap_DistributionClientID,SSISDistributionClients,DistributionClientID,DTT-ANA-PRD/rpt.sql
rpt,SSISReportFrequencyDeliveryDaysAllowed,DeliveryDayID,FK_SSISReportFrequencyDeliveryDaysAllowed_DeliveryDayID,SSISDeliveryDays,DeliveryDayID,DTT-ANA-PRD/rpt.sql
rpt,SSISReportFrequencyDeliveryDaysAllowed,ReportFrequencyID,FK_SSISReportFrequencyDeliveryDaysAllowed_ReportFrequencyID,SSISReportFrequencies,ReportFrequencyID,DTT-ANA-PRD/rpt.sql
rpt,SSISTemplateReportFeatureNames,TemplateReportID,FK_SSISTemplateReportFeatureNames_TemplateReportID,SSISTemplateReports,TemplateReportID,DTT-ANA-PRD/rpt.sql
rpt,SSISTemplateReportFrequenciesAllowed,DataDaysID,FK_SSISTemplateReportFrequenciesAllowed_DataDaysID,SSISDataDays,DataDaysID,DTT-ANA-PRD/rpt.sql
rpt,SSISTemplateReportFrequenciesAllowed,ReportFrequencyID,FK_SSISTemplateReportFrequenciesAllowed_ReportFrequencyID,SSISReportFrequencies,ReportFrequencyID,DTT-ANA-PRD/rpt.sql
rpt,SSISTemplateReportFrequenciesAllowed,TemplateReportID,FK_SSISTemplateReportFrequenciesAllowed_TemplateReportID,SSISTemplateReports,TemplateReportID,DTT-ANA-PRD/rpt.sql
rpt,SSISTemplateReports,ReportClientTypeID,FK_SSISTemplateReports_ReportClientTypeID,SSISReportClientTypes,ReportClientTypeID,DTT-ANA-PRD/rpt.sql
partcredDM,PayerPartnerOutreach,RenewDateID,FK_PayerPartnerOutreach_RenewDateID,RenewDates,RenewDateID,DTT-ANA-PRD/partcredDM.sql
trxWsdm,TransactionDimensions,ClientTransactionID,FK_TransactionDimensions_ClientTransactionID,ClientTransactions,ClientTransactionID,DTT-TRX-PRD/trxWsdm.sql
trxWsdm,TransactionEventClientUsage,TransactionEventID,FK_TransactionEventClientUsage_TransactionEventID,TransactionEvents,TransactionEventID,DTT-TRX-PRD/trxWsdm.sql
trxWsdm,TransactionEvents,ClientTransactionID,FK_TransactionEvents_ClientTransactionID,ClientTransactions,ClientTransactionID,DTT-TRX-PRD/trxWsdm.sql
trxTest,TransactionEvents,ClientTransactionID,FK_TransactionEvents_ClientTransactionID,ClientTransactions,ClientTransactionID,DTT-TRX-PRD/trxTest.sql
trxQA,TransactionDimensions,ClientTransactionID,FK_TransactionDimensions_ClientTransactionID,ClientTransactions,ClientTransactionID,DTT-TRX-PRD/trxQA.sql
trxQA,TransactionEventClientUsage,TransactionEventID,FK_TransactionEventClientUsage_TransactionEventID,TransactionEvents,TransactionEventID,DTT-TRX-PRD/trxQA.sql
trxQA,TransactionEvents,ClientTransactionID,FK_TransactionEvents_ClientTransactionID,ClientTransactions,ClientTransactionID,DTT-TRX-PRD/trxQA.sql
erp,ClientGLEntrySummary,NSRevenueAccountID,FK_ClientGLEntrySummary_NSRevenueAccountID,ERPAccountLookup,NSInternalID,DTT-TRX-PRD/erp.sql
erp,ClientGLEntrySummary,NSSubsidiaryID,FK_ClientGLEntrySummary_NSSubsidiaryID,ERPSubsidiaryLookup,NSInternalID,DTT-TRX-PRD/erp.sql
erp,ClientUsageSummary,NSAccountInternalID,FK_ClientUsageSummary_NSAccountInternalID,ERPAccountLookup,NSInternalID,DTT-TRX-PRD/erp.sql
erp,ClientUsageSummary,NSItemInternalID,FK_ClientUsageSummary_NSItemInternalID,ERPItemLookup,NSInternalID,DTT-TRX-PRD/erp.sql
erp,ClientUsageSummary,NSRecordType,FK_ClientUsageSummary_NSRecordType,ERPRecordTypeLookup,NSRecordType,DTT-TRX-PRD/erp.sql
erp,ClientUsageSummary_TEST,NSAccountInternalID,FK_ClientUsageSummary_TEST_NSAccountInternalID,ERPAccountLookup,NSInternalID,DTT-TRX-PRD/erp.sql
erp,ClientUsageSummary_TEST,NSItemInternalID,FK_ClientUsageSummary_TEST_NSItemInternalID,ERPItemLookup,NSInternalID,DTT-TRX-PRD/erp.sql
erp,ClientUsageSummary_TEST,NSRecordType,FK_ClientUsageSummary_TEST_NSRecordType,ERPRecordTypeLookup,NSRecordType,DTT-TRX-PRD/erp.sql
erp,ERPItemFeatureNameLookup,ERPItemLookupID,FK_ERPItemFeatureNameLookup_ERPItemLookupID,ERPItemLookup,ERPItemLookupID,DTT-TRX-PRD/erp.sql
trxBrch,TransactionEvents,ClientTransactionID,FK_TransactionEvents_ClientTransactionID,ClientTransactions,ClientTransactionID,DTT-TRX-PRD/trxBrch.sql
erpDev,ClientGLEntrySummary,NSSubsidiaryID,FK_ClientGLEntrySummary_NSSubsidiaryID,ERPSubsidiaryLookup,NSInternalID,DTT-TRX-PRD/erpDev.sql
erpDev,ClientUsageSummary,NSRecordType,FK_ClientUsageSummary_NSRecordType,ERPRecordTypeLookup,NSRecordType,DTT-TRX-PRD/erpDev.sql
entyDev,Entities,BillingEntityID,FK_Entities_BillingEntityID,Entities,EntityID,DTT-TRX-PRD/entyDev.sql
entyDev,Entities,ParentEntityID,FK_Entities_ParentEntityID,Entities,EntityID,DTT-TRX-PRD/entyDev.sql
entyDev,Entities,VendorEntityID,FK_Entities_VendorEntityID,Entities,EntityID,DTT-TRX-PRD/entyDev.sql
merchant,Payment,AccountTokenID,FK_Payment_AccountToken,AccountToken,AccountTokenID,Livesql3/merchant.sql
merchant,Payment,PaymentTokenID,FK_Payment_PaymentToken,PaymentToken,PaymentTokenID,Livesql3/merchant.sql
merchant,PaymentToken,PaymentDetailsID,FK_PaymentToken_PaymentDetails_PaymentDetailsID,PaymentDetails,PaymentDetailsID,Livesql3/merchant.sql
pnt,Statement,StatementPracticeID,FK_Statement_StatementPractice_StatementPracticeID,StatementPractice,StatementPracticeID,Livesql3/pnt.sql
pnt,Statement,Status,FK_Statement_StatementStatus_Status,StatementStatus,StatementStatusID,Livesql3/pnt.sql
pnt,StatementAgedStatement,StatementID,FK_StatementAgedStatement_Statement_StatementID,Statement,StatementID,Livesql3/pnt.sql
pnt,StatementEmail,StatementID,FK_StatementEmail_Statement_StatementID,Statement,StatementID,Livesql3/pnt.sql
pnt,StatementExtension,StatementID,FK_StatementExtension_Statement_StatementID,Statement,StatementID,Livesql3/pnt.sql
pnt,StatementFile,Status,FK_StatementFile_StatementStatus_Status,StatementStatus,StatementStatusID,Livesql3/pnt.sql
pnt,StatementFileException,StatementFileID,FK_StatementFileException_StatementFile_StatementFileID,StatementFile,StatementFileID,Livesql3/pnt.sql
pnt,StatementFileNote,StatementFileID,FK_StatementFileNote_StatementFile_StatementFileID,StatementFile,StatementFileID,Livesql3/pnt.sql
pnt,StatementHistory,StatementID,FK_StatementHistory_Statement_StatementID,Statement,StatementID,Livesql3/pnt.sql
pnt,StatementHistory,Status,FK_StatementHistory_StatementStatus_Status,StatementStatus,StatementStatusID,Livesql3/pnt.sql
pnt,StatementItem,StatementID,FK_StatementItem_Statement_StatementID,Statement,StatementID,Livesql3/pnt.sql
pnt,StatementNote,StatementID,FK_StatementNote_Statement_StatementID,Statement,StatementID,Livesql3/pnt.sql
pnt,StatementPageCount,StatementID,FK_StatementPageCount_Statement_StatementID,Statement,StatementID,Livesql3/pnt.sql
pnt,StatementPractice,StatementFileID,FK_StatementPractice_StatementFile_StatementFileID,StatementFile,StatementFileID,Livesql3/pnt.sql
pnt,StatementPrepaymentAccount,StatementID,FK_StatementPrepaymentAccount_Statement_StatementID,Statement,StatementID,Livesql3/pnt.sql
pnt,StatementReminder,StatementID,FK_StatementReminder_Statement_StatementID,Statement,StatementID,Livesql3/pnt.sql
pnt,StatementTypePms,PmsID,FK_StatementTypePms_PntPms_PmsID,PntPms,PmsID,Livesql3/pnt.sql
pnt,StatementTypePms,Type,FK_StatementTypePms_StatementType_Type,StatementType,Type,Livesql3/pnt.sql
dhmo,Capitation,CapType,FK_Capitation_CapitationType_CapType,CapitationType,CapType,Livesql3/dhmo.sql
dhmo,Member,PlanID,FK_Member_Plan_PlanID,Plan,PlanID,Livesql3/dhmo.sql
dhmo,PlanItem,PlanID,FK_PlanItem_Plan_PlanID,Plan,PlanID,Livesql3/dhmo.sql
common,AlertNotification,AlertSubscriptionID,FK_AlertNotification_AlertSubscription_AlertSubscriptionID,AlertSubscription,AlertSubscriptionID,Livesql3/Common.sql
common,AlertProperty,AlertDefinitionID,FK_AlertProperty_AlertDefinition_AlertDefinitionID,AlertDefinition,AlertDefinitionID,Livesql3/Common.sql
common,AlertSubscription,AlertDefinitionID,FK_AlertSubscription_AlertDefinition_AlertDefinitionID,AlertDefinition,AlertDefinitionID,Livesql3/Common.sql
common,AlertSubscriptionProperty,AlertPropertyID,FK_AlertSubscriptionProperty_AlertProperty_AlertPropertyID,AlertProperty,AlertPropertyID,Livesql3/Common.sql
common,AlertSubscriptionProperty,AlertSubscriptionID,FK_AlertSubscriptionProperty_AlertSubscription_AlertSubscriptionID,AlertSubscription,AlertSubscriptionID,Livesql3/Common.sql
common,AttachmentInfo,GroupID,FK_AttachmentInfo_Groups_GroupID,Groups,GroupID,Livesql3/Common.sql
common,CCTrans,BillID,FK_CCTrans_BillingInfo_BillID,BillingInfo,BillID,Livesql3/Common.sql
common,CCTrans,GroupID,FK_CCTrans_Groups_GroupID,Groups,GroupID,Livesql3/Common.sql
common,ClientRevenueDetailItem,ClientRevenueDetailID,FK_ClientRevenueDetailItem_ClientRevenueDetail,ClientRevenueDetail,ClientRevenueDetailID,Livesql3/Common.sql
common,CommissionStatement,ActivityID,FK_CommissionStatement_StatementActivityLog_ActivityID,StatementActivityLog,ActivityID,Livesql3/Common.sql
common,CommissionStatement,SupportUserID,FK_CommissionStatement_SupportUser_SupportUserID,SupportUser,SupportUserID,Livesql3/Common.sql
common,CommissionStatementBonusItem,CommissionStatementID,FK_CommissionStatementBonusItem_CommissionStatement_CommissionStatementID,CommissionStatement,CommissionStatementID,Livesql3/Common.sql
common,CommissionStatementBonusItem,AddUser,FK_CommissionStatementBonusItem_SupportUser_AddUser,SupportUser,SupportUserID,Livesql3/Common.sql
common,CommissionStatementItem,CommissionStatementID,FK_CommissionStatementItem_CommissionStatement_CommissionStatementID,CommissionStatement,CommissionStatementID,Livesql3/Common.sql
common,CommissionStatementItem,ContractID,FK_CommissionStatementItem_ProductGroupPackage_ContractID,ProductGroupPackage,ContractID,Livesql3/Common.sql
common,Connector,PmsID,FK_Connector_Pms_PmsID,Pms,PmsID,Livesql3/Common.sql
common,ConnectorKey,ConnectorID,FK_ConnectorKey_Connector_ConnectorID,Connector,ConnectorID,Livesql3/Common.sql
common,ConnectorKey,GroupID,FK_ConnectorKey_Groups_GroupID,Groups,GroupID,Livesql3/Common.sql
common,ConnectorKeyProduct,ConnectorKeyID,FK_ConnectorKeyProduct_ConnectorKey_ConnectorKeyID,ConnectorKey,ConnectorKeyID,Livesql3/Common.sql
common,ConnectorKeyProperty,ConnectorKeyID,FK_ConnectorKeyProperty_ConnectorKey_ConnectorKeyID,ConnectorKey,ConnectorKeyID,Livesql3/Common.sql
common,ContactNote,ContactID,FK_ContactNote_Contact_ContactID,Contact,ContactID,Livesql3/Common.sql
common,ContactNote,CreatedBy,FK_ContactNote_SupportUser_CreatedBy,SupportUser,SupportUserID,Livesql3/Common.sql
common,ContactRelationship,ContactID,FK_ContactRelationship_Contact_ContactID,Contact,ContactID,Livesql3/Common.sql
common,ContactRelationship,ContactType,FK_ContactRelationship_ContactType_ContactType,ContactType,ContactType,Livesql3/Common.sql
common,ContactRelationship,EntityName,FK_ContactRelationship_EntityDescriptor_EntityName,EntityDescriptor,EntityName,Livesql3/Common.sql
common,ContactUs,GroupID,FK_ContactUs_Groups_GroupID,Groups,GroupID,Livesql3/Common.sql
common,ContactUs,TicketID,FK_ContactUs_Ticket_TicketID,Ticket,TicketID,Livesql3/Common.sql
common,ContactUsNote,CaseID,FK_ContactUsNote_ContactUs_CaseID,ContactUs,CaseID,Livesql3/Common.sql
common,ContactUsNote,SupportUserID,FK_ContactUsNote_SupportUser_SupportUserID,SupportUser,SupportUserID,Livesql3/Common.sql
common,Credential,TypeCode,FK_Credential_CredentialType_TypeCode,CredentialType,TypeCode,Livesql3/Common.sql
common,DmdFileUpload,GroupID,FK_DmdFileUpload_Groups_GroupID,Groups,GroupID,Livesql3/Common.sql
common,DmdFileUpload,UploadUserID,FK_DmdFileUpload_Users_UploadUserID,Users,UserID,Livesql3/Common.sql
common,DmdFileUploadImage,FileUploadID,FK_DmdFileUploadImage_DmdFileUpload_FileUploadID,DmdFileUpload,FileUploadID,Livesql3/Common.sql
common,DmdFileUploadReviewImage,UploadImageID,FK_DmdFileUploadReviewImage_DmdFileUploadImage_UploadImageID,DmdFileUploadImage,UploadImageID,Livesql3/Common.sql
common,DmdPms,PmsID,FK_DmdPms_Pms_PmsID,Pms,PmsID,Livesql3/Common.sql
common,DmdPmsGroup,DmdPmsID,FK_DmdPmsGroup_DmdPms_DmdPmsID,DmdPms,DmdPmsId,Livesql3/Common.sql
common,DmdPmsGroup,GroupID,FK_DmdPmsGroup_Groups_GroupID,Groups,GroupID,Livesql3/Common.sql
common,DmdPmsXmlToken,DmdPmsID,FK_DmdPmsXmlToken_DmdPms_DmdPmsID,DmdPms,DmdPmsId,Livesql3/Common.sql
common,DownloadAudit,DownloadConfigID,FK_DownloadAudit_DownloadConfig_DownloadConfigID,DownloadConfig,DownloadConfigID,Livesql3/Common.sql
common,DownloadConfigGroup,GroupId,FK_DownloadConfigGroup_Groups_GroupId,Groups,GroupID,Livesql3/Common.sql
common,DownloadContent,GroupID,FK_DownloadContent_Groups_GroupID,Groups,GroupID,Livesql3/Common.sql
common,Entity,EntityID,FK_Entity_Entity_EntityID,Entity,EntityID,Livesql3/Common.sql
common,Entity,ServiceCode,FK_Entity_ServiceCode_ServiceCode,ServiceCode,ServiceCode,Livesql3/Common.sql
common,EntityDescriptor,FinalServiceStatus,FK_EntityDescriptor_ServiceStatus_FinalServiceStatus,ServiceStatus,ServiceStatus,Livesql3/Common.sql
common,EntityDescriptor,InitialServiceStatus,FK_EntityDescriptor_ServiceStatus_InitialServiceStatus,ServiceStatus,ServiceStatus,Livesql3/Common.sql
common,EntityGroup,GroupID,FK_EntityGroup_Groups_GroupID,Groups,GroupID,Livesql3/Common.sql
common,EntityGroup,SupportUserID,FK_EntityGroup_SupportUser_SupportUserID,SupportUser,SupportUserID,Livesql3/Common.sql
common,ERARegistration,DestPartnerCode,FK_ERARegistration_ServiceCode_DestPartnerCode,ServiceCode,ServiceCode,Livesql3/Common.sql
common,ERARegistration,SecondaryDestPartnerCode,FK_ERARegistration_ServiceCode_SecondaryDestPartnerCode,ServiceCode,ServiceCode,Livesql3/Common.sql
common,ERARegistration,SourcePartnerCode,FK_ERARegistration_ServiceCode_SourcePartnerCode,ServiceCode,ServiceCode,Livesql3/Common.sql
common,ERARoutingInformation,GroupID,FK_ERARoutingInformation_Groups_GroupID,Groups,GroupID,Livesql3/Common.sql
common,FundContribution,FundGroupID,FK_FundContribution_FundGroup_FundGroupID,FundGroup,FundGroupID,Livesql3/Common.sql
common,FundContribution,GroupID,FK_FundContribution_Groups_GroupID,Groups,GroupID,Livesql3/Common.sql
common,FundContribution,StatementItemID,FK_FundContribution_StatementItem_StatementItemID,StatementItem,StatementItemID,Livesql3/Common.sql
common,FundContribution,WidgetType,FK_FundContribution_WidgetType_WidgetType,WidgetType,WidgetType,Livesql3/Common.sql
common,FundGroup,GroupID,FK_FundGroup_Groups_GroupID,Groups,GroupID,Livesql3/Common.sql
common,FundGroup,AgreeUser,FK_FundGroup_Users_AgreeUser,Users,UserID,Livesql3/Common.sql
common,FundGroup,CreateUser,FK_FundGroup_Users_CreateUser,Users,UserID,Livesql3/Common.sql
common,GroupBillingInfoSkip,GroupID,FK_GroupBillingInfoSkip_Groups_GroupID,Groups,GroupID,Livesql3/Common.sql
common,GroupDeactivation,GroupID,FK_GroupDeActivation_Groups_GroupID,Groups,GroupID,Livesql3/Common.sql
common,GroupMember,SubscriberGroupMemberID,FK_GroupMember_GroupMember_SubscriberGroupMemberID,GroupMember,GroupMemberID,Livesql3/Common.sql
common,GroupMember,GroupID,FK_GroupMember_Groups_GroupID,Groups,GroupID,Livesql3/Common.sql
common,GroupMember,PayerID,FK_GroupMember_Payer_PayerID,Payer,PayerID,Livesql3/Common.sql
common,GroupMemberPayer,GroupMemberID,FK_GroupMemberPayer_GroupMember_GroupMemberID,GroupMember,GroupMemberID,Livesql3/Common.sql
common,GroupMerchant,GroupID,FK_GroupMerchant_Groups_GroupID,Groups,GroupID,Livesql3/Common.sql
common,GroupMerchant,SupportUserID,FK_GroupMerchant_SupportUser_SupportUserID,SupportUser,SupportUserID,Livesql3/Common.sql
common,GroupMerchant,UserID,FK_GroupMerchant_Users_UserID,Users,UserID,Livesql3/Common.sql
common,GroupPartnerDisplay,PartnerID,FK_GroupPartnerDisplay_ServiceCode_PartnerID,ServiceCode,ServiceCode,Livesql3/Common.sql
common,GroupPayer,PayerID,FK_GroupPayer_Payer_PayerID,Payer,PayerID,Livesql3/Common.sql
common,GroupPayer,UserID,FK_GroupPayer_Users_UserID,Users,UserID,Livesql3/Common.sql
common,GroupRegTierSelection,PartnerRegistrationID,FK_GroupRegTierSelection_ProductPartnerRegistration_PartnerRegistrationID,ProductPartnerRegistration,PartnerRegistrationID,Livesql3/Common.sql
common,Groups,RegSource,FK_Groups_RegistrationSource_RegSource,RegistrationSource,Source,Livesql3/Common.sql
common,Groups,ReleaseGroupID,FK_Groups_ReleaseGroup_ReleaseGroupID,ReleaseGroup,ReleaseGroupID,Livesql3/Common.sql
common,Groups,ResellerID,FK_Groups_Reseller_ResellerID,Reseller,ResellerID,Livesql3/Common.sql
common,Groups,DefaultRoleID,FK_Groups_Roles_DefaultRoleID,Roles,RoleID,Livesql3/Common.sql
common,Groups,BatchUserID,FK_Groups_Users_BatchUserID,Users,UserID,Livesql3/Common.sql
common,GroupSupportUser,GroupID,FK_GroupSupportUser_Groups_GroupID,Groups,GroupID,Livesql3/Common.sql
common,GroupSupportUser,SupportUserID,FK_GroupSupportUser_SupportUser_SupportUserID,SupportUser,SupportUserID,Livesql3/Common.sql
common,GroupUserAlert,GroupID,FK_GroupUserAlert_Groups_GroupID,Groups,GroupID,Livesql3/Common.sql
common,GroupUserAlert,UserID,FK_GroupUserAlert_Users_UserID,Users,UserID,Livesql3/Common.sql
common,GroupUserRoles,RoleID,FK_GroupUserRoles_Roles_RoleID,Roles,RoleID,Livesql3/Common.sql
common,GroupUserSecurity,GroupID,FK_GroupUserSecurity_Groups_GroupID,Groups,GroupID,Livesql3/Common.sql
common,GroupUserSecurity,SupportUserID,FK_GroupUserSecurity_SupportUser_SupportUserID,SupportUser,SupportUserID,Livesql3/Common.sql
common,GroupUserSecurity,UserID,FK_GroupUserSecurity_Users_UserID,Users,UserID,Livesql3/Common.sql
common,HipaaAgreement,GroupID,FK_HipaaAgreement_Groups_GroupID,Groups,GroupID,Livesql3/Common.sql
common,HipaaAgreement,VersionID,FK_HipaaAgreement_HipaaAgreementVersion_VersionID,HipaaAgreementVersion,HipaaAgreementVersionID,Livesql3/Common.sql
common,HipaaAgreement,UserID,FK_HipaaAgreement_Users_UserID,Users,UserID,Livesql3/Common.sql
common,MarketingSource,GroupID,FK_MarketingSource_Groups_GroupID,Groups,GroupID,Livesql3/Common.sql
common,MarketingSource,UserID,FK_MarketingSource_Users_UserID,Users,UserID,Livesql3/Common.sql
common,MerchantApplication,GroupID,FK_MerchantApplication_Groups_GroupID,Groups,GroupID,Livesql3/Common.sql
common,MerchantApplication,SupportUserID,FK_MerchantApplication_SupportUser_SupportUserID,SupportUser,SupportUserID,Livesql3/Common.sql
common,MerchantApplication,UserID,FK_MerchantApplication_Users_UserID,Users,UserID,Livesql3/Common.sql
common,MerchantDevice,DeviceTypeID,FK_MerchantDevice_MerchantDeviceType_DeviceTypeID,MerchantDeviceType,DeviceTypeID,Livesql3/Common.sql
common,MerchantDeviceGroup,GroupID,FK_MerchantDeviceGroup_Groups_GroupID,Groups,GroupID,Livesql3/Common.sql
common,MerchantDeviceGroup,DeviceInventoryID,FK_MerchantDeviceGroup_MerchantDeviceInventory_DeviceInventoryID,MerchantDeviceInventory,DeviceInventoryID,Livesql3/Common.sql
common,MerchantDeviceInventory,DeviceID,FK_MerchantDeviceInventory_MerchantDevice_DeviceID,MerchantDevice,DeviceID,Livesql3/Common.sql
common,MerchantDeviceUsers,DeviceGroupID,FK_MerchantDeviceUsers_MerchantDeviceGroup_DeviceGroupID,MerchantDeviceGroup,DeviceGroupID,Livesql3/Common.sql
common,MerchantDeviceUsers,UserID,FK_MerchantDeviceUsers_Users_UserID,Users,UserID,Livesql3/Common.sql
common,MerchantMigration,SupportUserID,FK_MerchantMigration_SupportUser_SupportUserID,SupportUser,SupportUserID,Livesql3/Common.sql
common,MerchantMigrationLink,MerchantMigrationScheduleID,FK_MerchantMigrationLink_MerchantMigrationSchedule_MerchantMigrationScheduleID,MerchantMigrationSchedule,MerchantMigrationScheduleID,Livesql3/Common.sql
common,MerchantMigrationLink,InMerchantMigrationServiceAuditID,FK_MerchantMigrationLink_MerchantMigrationServiceAudit_InMerchantMigrationServiceAuditID,MerchantMigrationServiceAudit,MerchantMigrationServiceAuditID,Livesql3/Common.sql
common,MerchantMigrationLink,OutMerchantMigrationServiceAuditID,FK_MerchantMigrationLink_MerchantMigrationServiceAudit_OutMerchantMigrationServiceAuditID,MerchantMigrationServiceAudit,MerchantMigrationServiceAuditID,Livesql3/Common.sql
common,MerchantMigrationSchedule,MerchantMigrationID,FK_MerchantMigrationSchedule_MerchantMigration_MerchantMigrationID,MerchantMigration,MerchantMigrationID,Livesql3/Common.sql
common,MerchantMigrationSchedule,SupportUserID,FK_MerchantMigrationSchedule_SupportUser_SupportUserID,SupportUser,SupportUserID,Livesql3/Common.sql
common,MerchantTerminalList,TerminalListID,FK_MerchantTerminalList_MerchantTerminalListVersions_TerminalListID,MerchantTerminalListVersions,TerminalListID,Livesql3/Common.sql
common,NppesDataSourceResponse,DataSourceRequestID,FK_NppesDataSourceResponse_NppesDataSourceRequest_DataSourceRequestID,NppesDataSourceRequest,DataSourceRequestID,Livesql3/Common.sql
common,Partner,OverridePartnerID,FK_Partner_Partner_OverridePartnerID,Partner,PartnerID,Livesql3/Common.sql
common,PartnerLoginConfig,PartnerID,FK_PartnerLoginConfig_Partner_PartnerID,Partner,PartnerID,Livesql3/Common.sql
common,PartnerSecurity,ServiceCode,FK_PartnerSecurity_ServiceCode_ServiceCode,ServiceCode,ServiceCode,Livesql3/Common.sql
common,PartnerSecurityTokenConfig,ServiceCode,FK_PartnerSecurityTokenConfig_ServiceCode_ServiceCode,ServiceCode,ServiceCode,Livesql3/Common.sql
common,PartnerTranSubType,PartnerTranTypeID,FK_PartnerTranSubType_PartnerTranType_PartnerTranTypeID,PartnerTranType,PartnerTranTypeID,Livesql3/Common.sql
common,PartnerTranSubTypeConfigType,PartnerConfigTypeID,FK_PartnerTranSubTypeConfigType_PartnerConfigType_PartnerConfigTypeID,PartnerConfigType,PartnerConfigTypeID,Livesql3/Common.sql
common,PartnerTranSubTypeConfigType,PartnerTranSubTypeID,FK_PartnerTranSubTypeConfigType_PartnerTranSubType_PartnerTranSubTypeID,PartnerTranSubType,PartnerTranSubTypeID,Livesql3/Common.sql
common,PartnerTranSubTypeConfiguration,PartnerTranSubTypeID,FK_PartnerTranSubTypeConfiguration_PartnerTranSubType_PartnerTranSubTypeID,PartnerTranSubType,PartnerTranSubTypeID,Livesql3/Common.sql
common,PartnerTranSubTypeConfiguration,InboundConfigTypeID,FK_PartnerTranSubTypeConfiguration_PartnerTranSubTypeConfigType_InboundConfigTypeID,PartnerTranSubTypeConfigType,PartnerTranSubTypeConfigTypeID,Livesql3/Common.sql
common,PartnerTranSubTypeConfiguration,OutboundConfigTypeID,FK_PartnerTranSubTypeConfiguration_PartnerTranSubTypeConfigType_OutboundConfigTypeID,PartnerTranSubTypeConfigType,PartnerTranSubTypeConfigTypeID,Livesql3/Common.sql
common,PatientMessage,GroupID,FK_PatientMessage_Groups_GroupID,Groups,GroupID,Livesql3/Common.sql
common,Payer,NEAMasterID,FK_Payer_NEAPayer_NEAMasterID,NEAPayer,NEAMasterID,Livesql3/Common.sql
common,Payer,DupePayerID,FK_Payer_Payer_DupePayerID,Payer,PayerID,Livesql3/Common.sql
common,Payer,MasterPayerID,FK_Payer_Payer_MasterPayerID,Payer,PayerID,Livesql3/Common.sql
common,PayerAddress,GroupID,FK_PayerAddress_Groups_GroupID,Groups,GroupID,Livesql3/Common.sql
common,PayerAddress,PayerID,FK_PayerAddress_Payer_PayerID,Payer,PayerID,Livesql3/Common.sql
common,PayerAddress,ConfirmedSupportUserID,FK_PayerAddress_SupportUser_ConfirmedSupportUserID,SupportUser,SupportUserID,Livesql3/Common.sql
common,PayerAddress,CreatedUserID,FK_PayerAddress_Users_CreatedUserID,Users,UserID,Livesql3/Common.sql
common,PayerDocType,DocType,FK_PayerDocType_DocType_DocType,DocType,DocType,Livesql3/Common.sql
common,PayerDocType,PayerID,FK_PayerDocType_Payer_PayerID,Payer,PayerID,Livesql3/Common.sql
common,PayerDocType,ServiceCode,FK_PayerDocType_ServiceCode_ServiceCode,ServiceCode,ServiceCode,Livesql3/Common.sql
common,PayerDocType,ServiceStatus,FK_PayerDocType_ServiceStatus_ServiceStatus,ServiceStatus,ServiceStatus,Livesql3/Common.sql
common,PayerDocTypeNote,PayerDocTypeID,FK_PayerDocTypeNote_PayerDocType_PayerDocTypeID,PayerDocType,PayerDocTypeID,Livesql3/Common.sql
common,PayerDocTypeNote,CreatedBy,FK_PayerDocTypeNote_SupportUser_CreatedBy,SupportUser,SupportUserID,Livesql3/Common.sql
common,PayerEnrollment,DocType,FK_PayerEnrollment_DocType_DocType,DocType,DocType,Livesql3/Common.sql
common,PayerEnrollment,PayerID,FK_PayerEnrollment_Payer_PayerID,Payer,PayerID,Livesql3/Common.sql
common,PayerEnrollment,ServiceCode,FK_PayerEnrollment_ServiceCode_ServiceCode,ServiceCode,ServiceCode,Livesql3/Common.sql
common,PayerEnrollmentDocument,PayerEnrollmentID,FK_PayerEnrollmentDocument_PayerEnrollment_PayerEnrollmentID,PayerEnrollment,PayerEnrollmentID,Livesql3/Common.sql
common,PayerEnrollmentDocument,CreatedBy,FK_PayerEnrollmentDocument_SupportUser_CreatedBy,SupportUser,SupportUserID,Livesql3/Common.sql
common,PayerGroupNameMap,IncomingPayerID,FK_PayerGroupNameMap_Payer_IncomingPayerID,Payer,PayerID,Livesql3/Common.sql
common,PayerGroupNameMap,OutgoingPayerID,FK_PayerGroupNameMap_Payer_OutgoingPayerID,Payer,PayerID,Livesql3/Common.sql
common,PayerMatchGroup,GroupId,FK_PayerMatchGroup_Groups_GroupId,Groups,GroupID,Livesql3/Common.sql
common,PayerMatchGroup,PayerId,FK_PayerMatchGroup_Payer_PayerId,Payer,PayerID,Livesql3/Common.sql
common,PayerMatchGroup,PayerMatchId,FK_PayerMatchGroup_PayerMatch_PayerMatchId,PayerMatch,PayerMatchID,Livesql3/Common.sql
common,PayerMatchGroup,SupportUserId,FK_PayerMatchGroup_SupportUser_SupportUserId,SupportUser,SupportUserID,Livesql3/Common.sql
common,PayerMatchState,StateCode,FK_PayerMatchState_States_StateCode,States,State,Livesql3/Common.sql
common,PayerMemberEnrollment,PayerID,FK_PayerMemberEnrollment_Payer_PayerID,Payer,PayerID,Livesql3/Common.sql
common,Pms,ServiceCode,FK_PMS_ServiceCode_ServiceCode,ServiceCode,ServiceCode,Livesql3/Common.sql
common,PmsAccountGroup,PmsID,FK_PmsAccountGroup_Pms_PmsID,Pms,PmsID,Livesql3/Common.sql
common,PmsGroup,GroupID,FK_PmsGroup_Groups_GroupID,Groups,GroupID,Livesql3/Common.sql
common,PmsGroup,PmsID,FK_PmsGroup_Pms_PmsID,Pms,PmsID,Livesql3/Common.sql
common,PmsSolutionBillingTransport,SolutionType,FK_PmsSolutionBillingTransport_PmsSolution_SolutionType,PmsSolution,SolutionType,Livesql3/Common.sql
common,ProductBundlePackage,BundleName,FK_ProductBundlePackage_ProductBundle_BundleName,ProductBundle,Name,Livesql3/Common.sql
common,ProductBundlePackage,PackageName,FK_ProductBundlePackage_ProductPackage_PackageName,ProductPackage,Name,Livesql3/Common.sql
common,ProductCombination,PmsID,FK_ProductCombination_Pms_PmsID,Pms,PmsID,Livesql3/Common.sql
common,ProductCombination,RelatedPackage,FK_ProductCombination_ProductPackage_RelatedPackage,ProductPackage,Name,Livesql3/Common.sql
common,ProductCombination,SelectedPackage,FK_ProductCombination_ProductPackage_SelectedPackage,ProductPackage,Name,Livesql3/Common.sql
common,ProductFeaturePromoOffer,PartnerID,FK_ProductFeaturePromoOffer_Partner_PartnerID,Partner,PartnerID,Livesql3/Common.sql
common,ProductFeaturePromoOfferGroup,GroupID,FK_ProductFeaturePromoOfferGroup_Groups_GroupID,Groups,GroupID,Livesql3/Common.sql
common,ProductGroupPackage,GroupID,FK_ProductGroupPackage_Groups_GroupID,Groups,GroupID,Livesql3/Common.sql
common,ProductGroupPackage,PackageName,FK_ProductGroupPackage_ProductPackage_PackageName,ProductPackage,Name,Livesql3/Common.sql
common,ProductGroupPackage,ServiceCode,FK_ProductGroupPackage_ServiceCode_ServiceCode,ServiceCode,ServiceCode,Livesql3/Common.sql
common,ProductGroupPackage,SupportUserID,FK_ProductGroupPackage_SupportUser_SupportUserID,SupportUser,SupportUserID,Livesql3/Common.sql
common,ProductGroupPackage,CreateUser,FK_ProductGroupPackage_Users_CreateUser,Users,UserID,Livesql3/Common.sql
common,ProductGroupPackage,EndUser,FK_ProductGroupPackage_Users_EndUser,Users,UserID,Livesql3/Common.sql
common,ProductPackageFeatures,PackageName,FK_ProductPackageFeatures_ProductPackage_PackageName,ProductPackage,Name,Livesql3/Common.sql
common,ProductPackageSetOverride,GroupID,FK_ProductPackageSetOverride_Groups_GroupID,Groups,GroupID,Livesql3/Common.sql
common,ProductPackageSetOverride,PackageSetName,FK_ProductPackageSetOverride_ProductPackageSet_PackageSetName,ProductPackageSet,Name,Livesql3/Common.sql
common,ProductPackageSetOverride,SupportUserID,FK_ProductPackageSetOverride_SupportUser_SupportUserID,SupportUser,SupportUserID,Livesql3/Common.sql
common,ProductPackageSetPackage,PackageName,FK_ProductPackageSetPackage_ProductPackage_PackageName,ProductPackage,Name,Livesql3/Common.sql
common,ProductPackageSetPackage,PackageSetName,FK_ProductPackageSetPackage_ProductPackageSet_PackageSetName,ProductPackageSet,Name,Livesql3/Common.sql
common,ProductPartnerPackage,PackageName,FK_ProductPartnerPackage_ProductPackage_PackageName,ProductPackage,Name,Livesql3/Common.sql
common,ProductPartnerPackage,ServiceCode,FK_ProductPartnerPackage_ServiceCode_ServiceCode,ServiceCode,ServiceCode,Livesql3/Common.sql
common,ProviderDirectory,UserID,FK_ProviderDirectory_Users_UserID,Users,UserID,Livesql3/Common.sql
common,ProviderDirectoryLocation,ProviderDirectoryPayerID,FK_ProviderDirectoryLocation_ProviderDirectoryPayer_ProviderDirectoryPayerID,ProviderDirectoryPayer,ProviderDirectoryPayerID,Livesql3/Common.sql
common,ProviderDirectoryPayer,ProviderDirectoryID,FK_ProviderDirectoryPayer_ProviderDirectory_ProviderDirectoryID,ProviderDirectory,ProviderDirectoryID,Livesql3/Common.sql
common,ProviderDirectoryPayerDocument,ProviderDirectoryPayerID,FK_ProviderDirectoryPayerDocument_ProviderDirectoryPayer_ProviderDirectoryPayerID,ProviderDirectoryPayer,ProviderDirectoryPayerID,Livesql3/Common.sql
common,ProviderDirectoryPayerDocument,SupportUserID,FK_ProviderDirectoryPayerDocument_SupportUser_SupportUserID,SupportUser,SupportUserID,Livesql3/Common.sql
common,ProviderDirectoryPayerNote,ProviderDirectoryPayerID,FK_ProviderDirectoryPayerNote_ProviderDirectoryPayer_ProviderDirectoryPayerID,ProviderDirectoryPayer,ProviderDirectoryPayerID,Livesql3/Common.sql
common,ProviderDirectoryPayerNoteHistory,SupportUserID,FK_ProviderDirectoryPayerNoteHistory_SupportUser_SupportUserID,SupportUser,SupportUserID,Livesql3/Common.sql
common,ProviderDirectoryPayerPlan,ProviderDirectoryPayerID,FK_ProviderDirectoryPayerPlan_ProviderDirectoryPayer_ProviderDirectoryPayerID,ProviderDirectoryPayer,ProviderDirectoryPayerID,Livesql3/Common.sql
common,ProviderDirectoryPayerPlan,PlanConfigID,FK_ProviderDirectoryPayerPlan_ProviderDirectoryPlanConfig_PlanConfigID,ProviderDirectoryPlanConfig,PlanConfigID,Livesql3/Common.sql
common,ProviderDirectoryPayerStatus,PayerID,FK_ProviderDirectoryPayerStatus_Payer_PayerID,Payer,PayerID,Livesql3/Common.sql
common,ProviderDirectoryPayerTag,ProviderDirectoryPayerID,FK_ProviderDirectoryPayerTag_ProviderDirectoryPayer_ProviderDirectoryPayerID,ProviderDirectoryPayer,ProviderDirectoryPayerID,Livesql3/Common.sql
common,ProviderPayerCredential,CredentialTypeCode,FK_ProviderPayerCredential_CredentialType_CredentialTypeCode,CredentialType,TypeCode,Livesql3/Common.sql
common,ProviderPayerEnrollment,SupportUserID,FK_ProviderPayerEnrollment_SupportUser_SupportUserID,SupportUser,SupportUserID,Livesql3/Common.sql
common,ProviderRule,ReplacementGroupsUsersID,FK_ProviderRule_GroupsUsers_ReplacementGroupsUsersID,GroupsUsers,GroupsUsersID,Livesql3/Common.sql
common,ProviderRule,SelectorGroupsUsersID,FK_ProviderRule_GroupsUsers_SelectorGroupsUsersID,GroupsUsers,GroupsUsersID,Livesql3/Common.sql
common,ProviderRule,PayerID,FK_ProviderRule_Payer_PayerID,Payer,PayerID,Livesql3/Common.sql
common,ReleaseGroup,CreateSupportUserID,FK_ReleaseGroup_SupportUser_CreateSupportUserID,SupportUser,SupportUserID,Livesql3/Common.sql
common,ReleaseGroup,ModifySupportUserID,FK_ReleaseGroup_SupportUser_ModifySupportUserID,SupportUser,SupportUserID,Livesql3/Common.sql
common,ReleaseGroupType,DownloadConfigID,FK_ReleaseGroupType_DownloadConfig_DownloadConfigID,DownloadConfig,DownloadConfigID,Livesql3/Common.sql
common,ReleaseGroupType,ReleaseGroupID,FK_ReleaseGroupType_ReleaseGroup_ReleaseGroupID,ReleaseGroup,ReleaseGroupID,Livesql3/Common.sql
common,ReleaseGroupType,CreateSupportUserID,FK_ReleaseGroupType_SupportUser_CreateSupportUserID,SupportUser,SupportUserID,Livesql3/Common.sql
common,Reseller,ServiceCode,FK_Reseller_ServiceCode_ServiceCode,ServiceCode,ServiceCode,Livesql3/Common.sql
common,ResellerCommission,ResellerID,FK_ResellerCommission_Reseller_ResellerID,Reseller,ResellerID,Livesql3/Common.sql
common,ResellerCommission,WidgetType,FK_ResellerCommission_WidgetType_WidgetType,WidgetType,WidgetType,Livesql3/Common.sql
common,ResellerStatementItem,GroupID,FK_ResellerStatementItem_Groups_GroupID,Groups,GroupID,Livesql3/Common.sql
common,ResellerStatementItem,ResellerID,FK_ResellerStatementItem_Reseller_ResellerID,Reseller,ResellerID,Livesql3/Common.sql
common,ResellerStatementItem,ActivityID,FK_ResellerStatementItem_StatementActivityLog_ActivityID,StatementActivityLog,ActivityID,Livesql3/Common.sql
common,ResellerStatementItem,WidgetType,FK_ResellerStatementItem_WidgetType_WidgetType,WidgetType,WidgetType,Livesql3/Common.sql
common,SalesCampaign,OwnerUserID,FK_SalesCampaign_SupportUser_OwnerUserID,SupportUser,SupportUserID,Livesql3/Common.sql
common,SalesLeadNote,SupportUserID,FK_SalesLeadNote_SupportUser_SupportUserID,SupportUser,SupportUserID,Livesql3/Common.sql
common,SalesTaxOps,GroupId,FK_SalesTaxOps_Groups_GroupId,Groups,GroupID,Livesql3/Common.sql
common,SalesUserAccessAssignment,SupportUserID,FK_SalesUserAccessAssignment_SupportUser_SupportUserID,SupportUser,SupportUserID,Livesql3/Common.sql
common,ScheduledEvent,EventType,FK_ScheduledEvent_ScheduledEventType_EventType,ScheduledEventType,EventType,Livesql3/Common.sql
common,ServiceClientAccess,ServiceCode,FK_ServiceClientAccess_ServiceCode_ServiceCode,ServiceCode,ServiceCode,Livesql3/Common.sql
common,ServiceClientAccess,ServiceType,FK_ServiceClientAccess_ServiceType_ServiceType,ServiceType,ServiceType,Livesql3/Common.sql
common,ServiceClientPMS,ServiceClientID,FK_ServiceClientPMS_ServiceClient_ServiceClientID,ServiceClient,ServiceClientID,Livesql3/Common.sql
common,ServiceFee,DocType,FK_ServiceFee_DocType_DocType,DocType,DocType,Livesql3/Common.sql
common,ServiceFee,ServiceCode,FK_ServiceFee_ServiceCode_ServiceCode,ServiceCode,ServiceCode,Livesql3/Common.sql
common,ServiceHostConfiguration,ServiceCode,FK_ServiceHostConfiguration_ServiceCode_ServiceCode,ServiceCode,ServiceCode,Livesql3/Common.sql
common,ServiceHostConfiguration,ServiceType,FK_ServiceHostConfiguration_ServiceType_ServiceType,ServiceType,ServiceType,Livesql3/Common.sql
common,ServiceProperty,ServiceCode,FK_ServiceProperty_ServiceCode_ServiceCode,ServiceCode,ServiceCode,Livesql3/Common.sql
common,ServiceProperty,ServiceType,FK_ServiceProperty_ServiceType_ServiceType,ServiceType,ServiceType,Livesql3/Common.sql
common,ServiceServiceCode,ServiceCode,FK_ServiceServiceCode_ServiceCode_ServiceCode,ServiceCode,ServiceCode,Livesql3/Common.sql
common,ServiceServiceCode,ServiceServiceCode,FK_ServiceServiceCode_ServiceCode_ServiceServiceCode,ServiceCode,ServiceCode,Livesql3/Common.sql
common,Statement,GroupID,FK_Statement_Groups_GroupID,Groups,GroupID,Livesql3/Common.sql
common,Statement,ActivityID,FK_Statement_StatementActivityLog_ActivityID,StatementActivityLog,ActivityID,Livesql3/Common.sql
common,StatementActivityLog,SupportUserID,FK_StatementActivityLog_SupportUser_SupportUserID,SupportUser,SupportUserID,Livesql3/Common.sql
common,StatementCredit,GroupID,FK_StatementCredit_Groups_GroupID,Groups,GroupID,Livesql3/Common.sql
common,StatementCredit,StatementItemID,FK_StatementCredit_StatementItem_StatementItemID,StatementItem,StatementItemID,Livesql3/Common.sql
common,StatementCredit,CreateUserID,FK_StatementCredit_SupportUser_CreateUserID,SupportUser,SupportUserID,Livesql3/Common.sql
common,StatementDebit,GroupID,FK_StatementDebit_Groups_GroupID,Groups,GroupID,Livesql3/Common.sql
common,StatementDebit,StatementItemID,FK_StatementDebit_StatementItem_StatementItemID,StatementItem,StatementItemID,Livesql3/Common.sql
common,StatementDebit,CreateUserID,FK_StatementDebit_SupportUser_CreateUserID,SupportUser,SupportUserID,Livesql3/Common.sql
common,StatementItem,BundleName,FK_StatementItem_ProductBundle_BundleName,ProductBundle,Name,Livesql3/Common.sql
common,StatementItem,FeatureName,FK_StatementItem_ProductFeature_FeatureName,ProductFeature,Name,Livesql3/Common.sql
common,StatementItem,ServiceCode,FK_StatementItem_ServiceCode_ServiceCode,ServiceCode,ServiceCode,Livesql3/Common.sql
common,SupportDataSourceResponse,DataSourceRequestID,FK_SupportDataSourceResponse_SupportDataSourceRequest_DataSourceRequestID,SupportDataSourceRequest,DataSourceRequestID,Livesql3/Common.sql
common,SupportGroupFunction,SupportFunctionID,FK_SupportGroupFunction_SupportFunction_SupportFunctionID,SupportFunction,SupportFunctionID,Livesql3/Common.sql
common,SupportGroupFunction,SupportGroupID,FK_SupportGroupFunction_SupportGroup_SupportGroupID,SupportGroup,SupportGroupID,Livesql3/Common.sql
common,SupportGroupUser,SupportGroupID,FK_SupportGroupUser_SupportGroup_SupportGroupID,SupportGroup,SupportGroupID,Livesql3/Common.sql
common,SupportGroupUser,PayerSetName,FK_SupportGroupUser_SupportPayerSet_PayerSetName,SupportPayerSet,Name,Livesql3/Common.sql
common,SupportGroupUser,SupportUserID,FK_SupportGroupUser_SupportUser_SupportUserID,SupportUser,SupportUserID,Livesql3/Common.sql
common,SupportMessage,RecepientID,FK_SupportMessage_SupportUser_RecepientID,SupportUser,SupportUserID,Livesql3/Common.sql
common,SupportMessage,SenderID,FK_SupportMessage_SupportUser_SenderID,SupportUser,SupportUserID,Livesql3/Common.sql
common,SupportNote,EntityID,FK_SupportNote_Entity_EntityID,Entity,EntityID,Livesql3/Common.sql
common,SupportNote,GroupID,FK_SupportNote_Groups_GroupID,Groups,GroupID,Livesql3/Common.sql
common,SupportNote,SupportUserID,FK_SupportNote_SupportUser_SupportUserID,SupportUser,SupportUserID,Livesql3/Common.sql
common,SupportPayerSetGroup,SupportGroupID,FK_SupportPayerSetGroup_SupportGroup_SupportGroupID,SupportGroup,SupportGroupID,Livesql3/Common.sql
common,SupportPayerSetGroup,PayerSetName,FK_SupportPayerSetGroup_SupportPayerSet_PayerSetName,SupportPayerSet,Name,Livesql3/Common.sql
common,SupportServiceCodePayerSet,PayerID,FK_SupportServiceCodePayerSet_Payer_PayerID,Payer,PayerID,Livesql3/Common.sql
common,SupportServiceCodePayerSet,ServiceCode,FK_SupportServiceCodePayerSet_ServiceCode_ServiceCode,ServiceCode,ServiceCode,Livesql3/Common.sql
common,SupportServiceCodePayerSet,PayerSetName,FK_SupportServiceCodePayerSet_SupportPayerSet_PayerSetName,SupportPayerSet,Name,Livesql3/Common.sql
common,SupportTask,DefaultUser,FK_SupportTask_SupportUser_DefaultUser,SupportUser,SupportUserID,Livesql3/Common.sql
common,SupportTaskUser,GROUPID,FK_SupportTaskUser_Groups_GROUPID,Groups,GroupID,Livesql3/Common.sql
common,SupportTaskUser,TaskID,FK_SupportTaskUser_SupportTask_TaskID,SupportTask,TaskID,Livesql3/Common.sql
common,SupportTaskUser,CompleteUserID,FK_SupportTaskUser_SupportUser_CompleteUserID,SupportUser,SupportUserID,Livesql3/Common.sql
common,SupportTaskUser,SupportUserID,FK_SupportTaskUser_SupportUser_SupportUserID,SupportUser,SupportUserID,Livesql3/Common.sql
common,SupportTeamUser,SupportTeamID,FK_SupportTeamUser_SupportTeam_SupportTeamID,SupportTeam,SupportTeamID,Livesql3/Common.sql
common,SupportTeamUser,SupportUserID,FK_SupportTeamUser_SupportUser_SupportUserID,SupportUser,SupportUserID,Livesql3/Common.sql
common,SupportUser,RoleID,FK_SupportUser_SupportRole_RoleID,SupportRole,SupportRoleID,Livesql3/Common.sql
common,SupportUserCommission,FeatureName,FK_SupportUserCommission_ProductFeature_FeatureName,ProductFeature,Name,Livesql3/Common.sql
common,SupportUserCommission,SupportUserID,FK_SupportUserCommission_SupportUser_SupportUserID,SupportUser,SupportUserID,Livesql3/Common.sql
common,SurveyAnswer,QuestionID,FK_SurveyAnswer_SurveyQuestion_QuestionID,SurveyQuestion,QuestionID,Livesql3/Common.sql
common,SurveyAnswer,QuestionItemID,FK_SurveyAnswer_SurveyQuestionItem_QuestionItemID,SurveyQuestionItem,QuestionItemID,Livesql3/Common.sql
common,SurveyAnswer,ResultID,FK_SurveyAnswer_SurveyResult_ResultID,SurveyResult,ResultID,Livesql3/Common.sql
common,SurveyResult,SurveyID,FK_SurveyResult_Survey_SurveyID,Survey,SurveyID,Livesql3/Common.sql
common,SurveyResult,UserID,FK_SurveyResult_Users_UserID,Users,UserID,Livesql3/Common.sql
common,Ticket,GroupID,FK_Ticket_Groups_GroupID,Groups,GroupID,Livesql3/Common.sql
common,Ticket,AssignedUserID,FK_Ticket_SupportUser_AssignedUserID,SupportUser,SupportUserID,Livesql3/Common.sql
common,Ticket,CreatorUserID,FK_Ticket_SupportUser_CreatorUserID,SupportUser,SupportUserID,Livesql3/Common.sql
common,Ticket,OwnerUserID,FK_Ticket_SupportUser_OwnerUserID,SupportUser,SupportUserID,Livesql3/Common.sql
common,Ticket,StatusID,FK_Ticket_TicketStatus_StatusID,TicketStatus,StatusID,Livesql3/Common.sql
common,Ticket,SubcategoryID,FK_Ticket_TicketSubcategory_SubcategoryID,TicketSubcategory,SubcategoryID,Livesql3/Common.sql
common,Ticket,SubCategoryTypeID,FK_Ticket_TicketSubCategoryType_SubCategoryTypeID,TicketSubCategoryType,SubCategoryTypeID,Livesql3/Common.sql
common,TicketAppointment,CreatorUserID,FK_TicketAppointment_SupportUser_CreatorUserID,SupportUser,SupportUserID,Livesql3/Common.sql
common,TicketAppointment,SupportUserID,FK_TicketAppointment_SupportUser_SupportUserID,SupportUser,SupportUserID,Livesql3/Common.sql
common,TicketAppointment,TicketID,FK_TicketAppointment_Ticket_TicketID,Ticket,TicketID,Livesql3/Common.sql
common,TicketAttachment,SupportUserID,FK_TicketAttachment_SupportUser_SupportUserID,SupportUser,SupportUserID,Livesql3/Common.sql
common,TicketAttachment,TicketID,FK_TicketAttachment_Ticket_TicketID,Ticket,TicketID,Livesql3/Common.sql
common,TicketClassElementClass,TicketClassID,FK_TicketClassElementClass_TicketClass_TicketClassID,TicketClass,TicketClassID,Livesql3/Common.sql
common,TicketClassElementClass,TicketClassElementID,FK_TicketClassElementClass_TicketClassElement_TicketClassElementID,TicketClassElement,TicketClassElementID,Livesql3/Common.sql
common,TicketClassTicket,TicketID,FK_TicketClassTicket_Ticket_TicketID,Ticket,TicketID,Livesql3/Common.sql
common,TicketClassTicket,TicketClassElementClassID,FK_TicketClassTicket_TicketClassElementClass_TicketClassElementClassID,TicketClassElementClass,TicketClassElementClassID,Livesql3/Common.sql
common,TicketNote,SupportUserID,FK_TicketNote_SupportUser_SupportUserID,SupportUser,SupportUserID,Livesql3/Common.sql
common,TicketNote,TicketID,FK_TicketNote_Ticket_TicketID,Ticket,TicketID,Livesql3/Common.sql
common,TicketNotification,SupportUserID,FK_TicketNotification_SupportUser_SupportUserID,SupportUser,SupportUserID,Livesql3/Common.sql
common,TicketNotification,TicketID,FK_TicketNotification_Ticket_TicketID,Ticket,TicketID,Livesql3/Common.sql
common,TicketRelatedTicket,PrimaryTicketID,FK_TicketRelatedTicket_Ticket_PrimaryTicketID,Ticket,TicketID,Livesql3/Common.sql
common,TicketRelatedTicket,SecondaryTicketID,FK_TicketRelatedTicket_Ticket_SecondaryTicketID,Ticket,TicketID,Livesql3/Common.sql
common,TicketStatusHistory,SupportUserID,FK_TicketStatusHistory_SupportUser_SupportUserID,SupportUser,SupportUserID,Livesql3/Common.sql
common,TicketStatusHistory,TicketID,FK_TicketStatusHistory_Ticket_TicketID,Ticket,TicketID,Livesql3/Common.sql
common,TicketStatusHistory,StatusID,FK_TicketStatusHistory_TicketStatus_StatusID,TicketStatus,StatusID,Livesql3/Common.sql
common,TicketSubcategory,ProductFeature,FK_TicketSubcategory_ProductFeature_ProductFeature,ProductFeature,Name,Livesql3/Common.sql
common,TicketSubcategory,DefaultSupportUser,FK_TicketSubcategory_SupportUser_DefaultSupportUser,SupportUser,SupportUserID,Livesql3/Common.sql
common,TicketSubcategory,CategoryID,FK_TicketSubcategory_TicketCategory_CategoryID,TicketCategory,CategoryID,Livesql3/Common.sql
common,TicketSubCategoryClass,TicketClassID,FK_TicketSubCategoryClass_TicketClass_TicketClassID,TicketClass,TicketClassID,Livesql3/Common.sql
common,TicketSubCategoryClass,SubCategoryID,FK_TicketSubCategoryClass_TicketSubcategory_SubCategoryID,TicketSubcategory,SubcategoryID,Livesql3/Common.sql
common,TicketSubcategoryHistory,SupportUserID,FK_TicketSubcategoryHistory_SupportUser_SupportUserID,SupportUser,SupportUserID,Livesql3/Common.sql
common,TicketSubcategoryHistory,TicketID,FK_TicketSubcategoryHistory_Ticket_TicketID,Ticket,TicketID,Livesql3/Common.sql
common,TicketSubcategoryHistory,SubcategoryID,FK_TicketSubcategoryHistory_TicketSubcategory_SubcategoryID,TicketSubcategory,SubcategoryID,Livesql3/Common.sql
common,TicketSubCategoryType,SubCategoryID,FK_TicketSubCategoryType_TicketSubcategory_SubCategoryID,TicketSubcategory,SubcategoryID,Livesql3/Common.sql
common,TicketSubCategoryTypeHistory,SupportUserID,FK_TicketSubCategoryTypeHistory_SupportUser_SupportUserID,SupportUser,SupportUserID,Livesql3/Common.sql
common,TicketSubCategoryTypeHistory,TicketID,FK_TicketSubCategoryTypeHistory_Ticket_TicketID,Ticket,TicketID,Livesql3/Common.sql
common,TicketSubCategoryTypeHistory,SubCategoryTypeID,FK_TicketSubCategoryTypeHistory_TicketSubCategoryType_SubCategoryTypeID,TicketSubCategoryType,SubCategoryTypeID,Livesql3/Common.sql
common,TicketUserAssignment,SupportUserID,FK_TicketUserAssignment_SupportUser_SupportUserID,SupportUser,SupportUserID,Livesql3/Common.sql
common,TicketUserAssignment,SubcategoryID,FK_TicketUserAssignment_TicketSubcategory_SubcategoryID,TicketSubcategory,SubcategoryID,Livesql3/Common.sql
common,TicketUserHistory,AssignedByUserID,FK_TicketUserHistory_SupportUser_AssignedByUserID,SupportUser,SupportUserID,Livesql3/Common.sql
common,TicketUserHistory,AssignedUserID,FK_TicketUserHistory_SupportUser_AssignedUserID,SupportUser,SupportUserID,Livesql3/Common.sql
common,TicketUserHistory,TicketID,FK_TicketUserHistory_Ticket_TicketID,Ticket,TicketID,Livesql3/Common.sql
common,UserAddress,UserID,FK_UserAddress_Users_UserID,Users,UserID,Livesql3/Common.sql
common,UserAlias,UserID,FK_UserAlias_Users_UserID,Users,UserID,Livesql3/Common.sql
common,Users,ClaimGroupID,FK_Users_Groups_ClaimGroupID,Groups,GroupID,Livesql3/Common.sql
common,UserSignature,UserID,FK_UserSignature_Users_UserID,Users,UserID,Livesql3/Common.sql
common,UserSignatureVerification,UserID,FK_UserSignatureVerification_Users_UserID,Users,UserID,Livesql3/Common.sql
common,VIP,ReleaseGroupID,FK_VIP_ReleaseGroup_ReleaseGroupID,ReleaseGroup,ReleaseGroupID,Livesql3/Common.sql
common,VIPGroup,VipID,FK_VIPGroup_VIP_VipID,VIP,VipID,Livesql3/Common.sql
dci,ANSStatusCategory,ClaimStatusID,FK_ANSStatusCategory_ClaimStatus_ClaimStatusID,ClaimStatus,ClaimStatusID,Livesql3/dci.sql
dci,ANSStatusCategory,EDIEntityID,FK_ANSStatusCategory_EDIEntityCode_EDIEntityID,EDIEntityCode,EntityID,Livesql3/dci.sql
dci,ANSStatusCategory,EDICategoryCode,FK_ANSStatusCategory_StatusCategory_EDICategoryCode,StatusCategory,CategoryCode,Livesql3/dci.sql
dci,ANSStatusCategory,EDIStatusCode,FK_ANSStatusCategory_StatusCode_EDIStatusCode,StatusCode,StatusCode,Livesql3/dci.sql
dci,AppAdviceErrorCode,StatusCategory,FK_AppAdviceErrorCode_StatusCategory_StatusCategory,StatusCategory,CategoryCode,Livesql3/dci.sql
dci,AppAdviceErrorCode,StatusCode,FK_AppAdviceErrorCode_StatusCode_StatusCode,StatusCode,StatusCode,Livesql3/dci.sql
dci,BillingActivity,WidgetType,FK_BillingActivity_WidgetType_WidgetType,WidgetType,WidgetType,Livesql3/dci.sql
dci,Claim,AccidentCode,FK_Claim_Accident_AccidentCode,Accident,Code,Livesql3/dci.sql
dci,Claim,OriginalClaimID,FK_CLAIM_CLAIM_OriginalClaimID,Claim,ClaimID,Livesql3/dci.sql
dci,Claim,ClaimFileUploadID,FK_Claim_ClaimFileUpload_ClaimFileUploadID,ClaimFileUpload,ClaimFileUploadID,Livesql3/dci.sql
dci,Claim,Status,FK_Claim_ClaimStatus_Status,ClaimStatus,ClaimStatusID,Livesql3/dci.sql
dci,Claim,FacilityCode,FK_CLAIM_FACILITY_FacilityCode,Facility,FacilityCode,Livesql3/dci.sql
dci,Claim,FundingCode,FK_CLAIM_FUNDINGPROGRAM_FundingCode,FundingProgram,FundingCode,Livesql3/dci.sql
dci,Claim,RTServiceAuditID,FK_Claim_RTServiceAudit_RTServiceAuditID,RTServiceAudit,RTServiceAuditID,Livesql3/dci.sql
dci,Claim,ServiceAuditID,FK_Claim_SAServiceAudit_ServiceAuditID,SAServiceAudit,SAServiceAuditID,Livesql3/dci.sql
dci,ClaimAdjustment,ClaimPayerID,FK_ClaimAdjustment_ClaimPayer_ClaimPayerID,ClaimPayer,ClaimPayerID,Livesql3/dci.sql
dci,ClaimExtension,ClaimID,FK_ClaimExtension_Claim_ClaimID,Claim,ClaimID,Livesql3/dci.sql
dci,ClaimFileUpload,PMSID,FK_ClaimFileUpload_DciPms_PMSID,DciPms,PmsID,Livesql3/dci.sql
dci,ClaimFileUploadNote,ClaimFileUploadID,FK_ClaimFileUploadNote_ClaimFileUpload_ClaimFileUploadID,ClaimFileUpload,ClaimFileUploadID,Livesql3/dci.sql
dci,ClaimHistory,ClaimID,FK_ClaimHistory_Claim_ClaimID,Claim,ClaimID,Livesql3/dci.sql
dci,ClaimItem,ClaimID,FK_ClaimItem_Claim_ClaimID,Claim,ClaimID,Livesql3/dci.sql
dci,ClaimItem,QuadCode,FK_ClaimItem_Quadrant_QuadCode,Quadrant,QuadCode,Livesql3/dci.sql
dci,ClaimItemAdjustment,ClaimItemID,FK_ClaimItemAdjustment_ClaimItem_ClaimItemID,ClaimItem,ClaimItemID,Livesql3/dci.sql
dci,ClaimItemProvider,ClaimItemID,FK_ClaimItemProvider_ClaimItem_ClaimItemID,ClaimItem,ClaimItemID,Livesql3/dci.sql
dci,ClaimItemProviderCredential,ClaimItemProviderID,FK_ClaimItemProviderCredential_ClaimItemProvider_ClaimItemProviderID,ClaimItemProvider,ClaimItemProviderID,Livesql3/dci.sql
dci,ClaimMember,ClaimID,FK_ClaimMember_Claim_ClaimID,Claim,ClaimID,Livesql3/dci.sql
dci,ClaimMember,RelationshipCode,FK_ClaimMember_Relationship_RelationshipCode,Relationship,RelationshipCode,Livesql3/dci.sql
dci,ClaimPayer,ClaimID,FK_CLAIMPAYER_CLAIM_ClaimID,Claim,ClaimID,Livesql3/dci.sql
dci,ClaimPayer,ClaimMemberID,FK_ClaimPayer_ClaimMember_ClaimMemberID,ClaimMember,ClaimMemberID,Livesql3/dci.sql
dci,ClaimPayerAddressUpgrade,ClaimPayerID,FK_ClaimPayerAddressUpgrade_ClaimPayer_ClaimPayerID,ClaimPayer,ClaimPayerID,Livesql3/dci.sql
dci,ClaimPayment,SAServiceAuditID,FK_ClaimPayment_SAServiceAudit_SAServiceAuditID,SAServiceAudit,SAServiceAuditID,Livesql3/dci.sql
dci,ClaimPaymentAddress,ClaimPaymentID,FK_ClaimPaymentAddress_ClaimPayment_ClaimPaymentID,ClaimPayment,ClaimPaymentID,Livesql3/dci.sql
dci,ClaimPaymentAdjudication,ClaimPaymentClaimID,FK_ClaimPaymentAdjudication_ClaimPaymentClaim_ClaimPaymentClaimID,ClaimPaymentClaim,ClaimPaymentClaimID,Livesql3/dci.sql
dci,ClaimPaymentAdjustment,ClaimPaymentID,FK_ClaimPaymentAdjustment_ClaimPayment_ClaimPaymentID,ClaimPayment,ClaimPaymentID,Livesql3/dci.sql
dci,ClaimPaymentClaim,ClaimID,FK_ClaimPaymentClaim_Claim_ClaimID,Claim,ClaimID,Livesql3/dci.sql
dci,ClaimPaymentClaim,ClaimPaymentDetailID,FK_ClaimPaymentClaim_ClaimPaymentDetail_ClaimPaymentDetailID,ClaimPaymentDetail,ClaimPaymentDetailID,Livesql3/dci.sql
dci,ClaimPaymentClaimAdjustment,ClaimPaymentClaimID,FK_ClaimPaymentClaimAdjustment_ClaimPaymentClaim_ClaimPaymentClaimID,ClaimPaymentClaim,ClaimPaymentClaimID,Livesql3/dci.sql
dci,ClaimPaymentClaimEntity,ClaimPaymentClaimID,FK_ClaimPaymentClaimEntity_ClaimPaymentClaim_ClaimPaymentClaimID,ClaimPaymentClaim,ClaimPaymentClaimID,Livesql3/dci.sql
dci,ClaimPaymentClaimItem,ClaimPaymentClaimID,FK_ClaimPaymentClaimItem_ClaimPaymentClaim_ClaimPaymentClaimID,ClaimPaymentClaim,ClaimPaymentClaimID,Livesql3/dci.sql
dci,ClaimPaymentClaimItemAdjustment,ClaimPaymentClaimItemID,FK_ClaimPaymentClaimItemAdjustment_ClaimPaymentClaimItem_ClaimPaymentClaimItemID,ClaimPaymentClaimItem,ClaimPaymentClaimItemID,Livesql3/dci.sql
dci,ClaimPaymentDetail,ClaimPaymentID,FK_ClaimPaymentDetail_ClaimPayment_ClaimPaymentID,ClaimPayment,ClaimPaymentID,Livesql3/dci.sql
dci,ClaimPaymentHistory,ClaimPaymentID,FK_ClaimPaymentHistory_ClaimPayment_ClaimPaymentID,ClaimPayment,ClaimPaymentID,Livesql3/dci.sql
dci,ClaimPaymentReport,ClaimPaymentID,FK_ClaimPaymentReport_ClaimPayment_ClaimPaymentID,ClaimPayment,ClaimPaymentID,Livesql3/dci.sql
dci,ClaimPaymentReport,SAServiceAuditID,FK_ClaimPaymentReport_SAServiceAudit_SAServiceAuditID,SAServiceAudit,SAServiceAuditID,Livesql3/dci.sql
dci,ClaimPaymentReportClaim,ClaimID,FK_ClaimPaymentReportClaim_Claim_ClaimID,Claim,ClaimID,Livesql3/dci.sql
dci,ClaimPaymentReportClaim,ClaimPaymentReportID,FK_ClaimPaymentReportClaim_ClaimPaymentReport_ClaimPaymentReportID,ClaimPaymentReport,ClaimPaymentReportID,Livesql3/dci.sql
dci,ClaimPaymentSummary,ClaimPaymentDetailID,FK_ClaimPaymentSummary_ClaimPaymentDetail_ClaimPaymentDetailID,ClaimPaymentDetail,ClaimPaymentDetailID,Livesql3/dci.sql
dci,ClaimPaymentSupplementSummary,ClaimPaymentDetailID,FK_ClaimPaymentSupplementSummary_ClaimPaymentDetail_ClaimPaymentDetailID,ClaimPaymentDetail,ClaimPaymentDetailID,Livesql3/dci.sql
dci,ClaimProvider,ClaimID,FK_CLAIMPROVIDER_CLAIM_ClaimID,Claim,ClaimID,Livesql3/dci.sql
dci,ClaimProviderAddress,ClaimProviderID,FK_ClaimProviderAddress_ClaimProvider_ClaimProviderID,ClaimProvider,ClaimProviderID,Livesql3/dci.sql
dci,ClaimResponse,ClaimID,FK_ClaimResponse_Claim_ClaimID,Claim,ClaimID,Livesql3/dci.sql
dci,ClaimResponse,SAServiceAuditId,FK_ClaimResponse_SAServiceAudit_SAServiceAuditID,SAServiceAudit,SAServiceAuditID,Livesql3/dci.sql
dci,ClaimStatusUpgrade,EntityID,FK_ClaimStatusUpgrade_EDIEntityCode_EntityID,EDIEntityCode,EntityID,Livesql3/dci.sql
dci,ClaimStatusUpgrade,UpgradeEntityID,FK_ClaimStatusUpgrade_EDIEntityCode_UpgradeEntityID,EDIEntityCode,EntityID,Livesql3/dci.sql
dci,ClaimStatusUpgrade,CategoryCode,FK_ClaimStatusUpgrade_StatusCategory_CategoryCode,StatusCategory,CategoryCode,Livesql3/dci.sql
dci,ClaimStatusUpgrade,UpgradeCategoryCode,FK_ClaimStatusUpgrade_StatusCategory_UpgradeCategoryCode,StatusCategory,CategoryCode,Livesql3/dci.sql
dci,ClaimStatusUpgrade,StatusCode,FK_ClaimStatusUpgrade_StatusCode_StatusCode,StatusCode,StatusCode,Livesql3/dci.sql
dci,ClaimStatusUpgrade,UpgradeStatusCode,FK_ClaimStatusUpgrade_StatusCode_UpgradeStatusCode,StatusCode,StatusCode,Livesql3/dci.sql
dci,ClaimUserNote,ClaimID,FK_ClaimUserNote_Claim_ClaimID,Claim,ClaimID,Livesql3/dci.sql
dci,CSEAStatusCategory,EntityID,FK_CSEAStatusCategory_EDIEntityCode_EntityID,EDIEntityCode,EntityID,Livesql3/dci.sql
dci,CSEAStatusCategory,CategoryCode,FK_CSEAStatusCategory_StatusCategory_CategoryCode,StatusCategory,CategoryCode,Livesql3/dci.sql
dci,CSEAStatusCategory,StatusCode,FK_CSEAStatusCategory_StatusCode_StatusCode,StatusCode,StatusCode,Livesql3/dci.sql
dci,EnvoyStatusCode,EntityID,FK_EnvoyStatusCode_EDIEntityCode_EntityID,EDIEntityCode,EntityID,Livesql3/dci.sql
dci,EnvoyStatusCode,CategoryCode,FK_EnvoyStatusCode_StatusCategory_CategoryCode,StatusCategory,CategoryCode,Livesql3/dci.sql
dci,EnvoyStatusCode,StatusCode,FK_EnvoyStatusCode_StatusCode_StatusCode,StatusCode,StatusCode,Livesql3/dci.sql
dci,OfficeResponse,SAServiceAuditId,FK_OfficeResponse_SAServiceAudit_SAServiceAuditID,SAServiceAudit,SAServiceAuditID,Livesql3/dci.sql
dci,PartnerClaimDeliveryOps,SAServiceAuditId,FK_PartnerClaimDeliveryOps_SAServiceAudit_SAServiceAuditId,SAServiceAudit,SAServiceAuditID,Livesql3/dci.sql
dci,PartnerERAAdjustment,EDIClaimAdjustmentCode,FK_PartnerERAAdjustment_ClaimAdjustmentCode_EDIClaimAdjustmentCode,ClaimAdjustmentCode,Code,Livesql3/dci.sql
dci,PartnerStatusCategory,CategoryCode,FK_PartnerStatusCategory_StatusCategory_CategoryCode,StatusCategory,CategoryCode,Livesql3/dci.sql
dci,PayerClaimStatusOverride,ClaimStatusID,FK_PayerClaimStatusOverride_ClaimStatus_ClaimStatusID,ClaimStatus,ClaimStatusID,Livesql3/dci.sql
dci,PayerClaimStatusOverride,EntityCode,FK_PayerClaimStatusOverride_EDIEntityCode_EntityCode,EDIEntityCode,EntityID,Livesql3/dci.sql
dci,PayerClaimStatusOverride,CategoryCode,FK_PayerClaimStatusOverride_StatusCategory_CategoryCode,StatusCategory,CategoryCode,Livesql3/dci.sql
dci,PayerClaimStatusOverride,StatusCode,FK_PayerClaimStatusOverride_StatusCode_StatusCode,StatusCode,StatusCode,Livesql3/dci.sql
dci,ProviderCredential,ClaimProviderID,FK_ProviderCredential_ClaimProvider_ClaimProviderID,ClaimProvider,ClaimProviderID,Livesql3/dci.sql
dci,ProviderHold,ClaimStatusID,FK_ProviderHold_ClaimStatus_ClaimStatusID,ClaimStatus,ClaimStatusID,Livesql3/dci.sql
dci,StatusCategory,ClaimStatusID,FK_StatusCategory_ClaimStatus_ClaimStatusID,ClaimStatus,ClaimStatusID,Livesql3/dci.sql
dci,ToothInfo,ClaimItemID,FK_ToothInfo_ClaimItem_ClaimItemID,ClaimItem,ClaimItemID,Livesql3/dci.sql
dci,ToothInfo,SurfaceCode,FK_ToothInfo_Surface_SurfaceCode,Surface,SurfaceCode,Livesql3/dci.sql
dci,V3051StatusCategory,EntityID,FK_V3051StatusCategory_EDIEntityCode_EntityID,EDIEntityCode,EntityID,Livesql3/dci.sql
dci,V3051StatusCategory,CategoryCode,FK_V3051StatusCategory_StatusCategory_CategoryCode,StatusCategory,CategoryCode,Livesql3/dci.sql
dci,V3051StatusCategory,StatusCode,FK_V3051StatusCategory_StatusCode_StatusCode,StatusCode,StatusCode,Livesql3/dci.sql
cred,ApplicationSetAnswer,ApplicationSetID,FK_ApplicationSetAnswer_ApplicationSet_ApplicationSetID,ApplicationSet,ApplicationSetID,Livesql3/cred.sql
cred,ApplicationSetAnswer,QuestionID,FK_ApplicationSetAnswer_Question_QuestionID,Question,QuestionID,Livesql3/cred.sql
cred,ApplicationSetDocumentMeta,ApplicationSetID,FK_ApplicationSetDocumentMeta_ApplicationSet_ApplicationSetID,ApplicationSet,ApplicationSetID,Livesql3/cred.sql
cred,ApplicationSetEnrollmentTicket,ApplicationSetID,FK_ApplicationSetEnrollmentTicket_ApplicationSet_ApplicationSetID,ApplicationSet,ApplicationSetID,Livesql3/cred.sql
cred,ApplicationSetLocation,ApplicationSetID,FK_ApplicationSetLocation_ApplicationSet_ApplicationSetID,ApplicationSet,ApplicationSetID,Livesql3/cred.sql
cred,ApplicationSetNote,ApplicationSetID,FK_ApplicationSetNote_ApplicationSet_ApplicationSetID,ApplicationSet,ApplicationSetID,Livesql3/cred.sql
cred,ApplicationSetPayerEmail,ApplicationSetID,FK_ApplicationSetPayerEmail_ApplicationSet_ApplicationSetID,ApplicationSet,ApplicationSetID,Livesql3/cred.sql
cred,ApplicationSetPayerEmailAttachment,ApplicationSetPayerEmailID,FK_ApplicationSetPayerEmailAttachment_ApplicationSetPayerEmail_ApplicationSetpayerEmailID,ApplicationSetPayerEmail,ApplicationSetPayerEmailID,Livesql3/cred.sql
cred,ApplicationSetPayerEmailDocument,ApplicationSetPayerEmailID,FK_ApplicationSetPayerEmailDocument_ApplicationSetPayerEmail_ApplicationSetPayerEmailID,ApplicationSetPayerEmail,ApplicationSetPayerEmailID,Livesql3/cred.sql
cred,ApplicationSetSection,ApplicationSetID,FK_ApplicationSetSection_ApplicationSet_ApplicationSetID,ApplicationSet,ApplicationSetID,Livesql3/cred.sql
cred,ApplicationSetSummary,ApplicationSetID,FK_ApplicationSetSummary_ApplicationSet_ApplicationSetID,ApplicationSet,ApplicationSetID,Livesql3/cred.sql
cred,ApplicationSetSummary,CategoryID,FK_ApplicationSetSummary_Category_CategoryID,Category,CategoryID,Livesql3/cred.sql
cred,ApplicationSetSupportUserHistory,ApplicationSetID,FK_ApplicationSetSupportUserHistory_ApplicationSet_ApplicationSetID,ApplicationSet,ApplicationSetID,Livesql3/cred.sql
cred,ApplicationTemplatePayer,ApplicationTemplateID,FK_ApplicationTemplatePayer_ApplicationTemplate_ApplicationTemplateID,ApplicationTemplate,ApplicationTemplateID,Livesql3/cred.sql
cred,DataQuestionTagMapping,QuestionID,FK_DataQuestionTagMapping_Question_QuestionID,Question,QuestionID,Livesql3/cred.sql
cred,GroupLocationAnswer,GroupLocationID,FK_GroupLocationAnswer_GroupLocation_GroupLocationID,GroupLocation,GroupLocationID,Livesql3/cred.sql
cred,GroupLocationAnswer,QuestionId,FK_GroupLocationAnswer_Question_QuestionId,Question,QuestionID,Livesql3/cred.sql
cred,GroupProfileAnswer,QuestionID,FK_GroupProfileAnswer_Question_QuestionID,Question,QuestionID,Livesql3/cred.sql
cred,GroupProfileQuestion,QuestionID,FK_GroupProfileQuestion_Question_QuestionID,Question,QuestionID,Livesql3/cred.sql
cred,LocationQuestion,QuestionID,FK_LocationQuestion_Question_QuestionId,Question,QuestionID,Livesql3/cred.sql
cred,LookupOptionValue,LookUpOptionID,FK_LookupOptionValue_LookUpOption_LookUpOptionID,LookUpOption,LookUpOptionID,Livesql3/cred.sql
cred,OutreachCycle,OutreachCycleTemplateID,FK_OutreachCycle_OutreachCycleTemplate_OutreachCycleTemplateID,OutreachCycleTemplate,OutreachCycleTemplateID,Livesql3/cred.sql
cred,OutreachStaffGroupMembers,OutreachStaffGroupID,FK_OutreachStaffGroupMembers_OutreachStaffGroup_OutreachStaffGroupID,OutreachStaffGroup,OutreachStaffGroupID,Livesql3/cred.sql
cred,PayerAttachment,AttachmentTypeID,FK_PayerAttachment_AttachmentType_AttachmentTypeID,AttachmentType,AttachmentTypeID,Livesql3/cred.sql
cred,PayerDataChangeDetail,DataChangeID,FK_PayerDataChangeDetail_PayerDataChange_DataChangeID,PayerDataChange,DataChangeID,Livesql3/cred.sql
cred,PayerEmailConfig,FormTypeId,FK_PayerEmailConfig_FormType_FormTypeID,FormType,FormTypeID,Livesql3/cred.sql
cred,PayerFormPlan,PlanID,FK_PayerFormPlan_PlanInfo_PlanID,PlanInfo,PlanID,Livesql3/cred.sql
cred,PayerFormQuestion,QuestionID,FK_PayerFormQuestion_Question_QuestionID,Question,QuestionID,Livesql3/cred.sql
cred,PayerFormQuestionDocument,QuestionID,FK_PayerFormQuestionDocument_Question_QuestionID,Question,QuestionID,Livesql3/cred.sql
cred,PayerFormSet,FormTypeID,FK_PayerFormSet_FormType_FormTypeID,FormType,FormTypeID,Livesql3/cred.sql
cred,PayerFormSet,StatusFlowID,FK_PayerFormSet_StatusFlow_StatusFlowID,StatusFlow,StatusFlowID,Livesql3/cred.sql
cred,PayerFormSetDocument,DocumentType,FK_PayerFormSetDocument_DocumentType_DocumentType,DocumentType,Name,Livesql3/cred.sql
cred,PayerFormSetDocument,PayerFormSetID,FK_PayerFormSetDocument_PayerFormSet_PayerFormSetID,PayerFormSet,PayerFormSetID,Livesql3/cred.sql
cred,PayerFormSetForm,PayerFormID,FK_PayerFormSetForm_PayerForm_PayerFormID,PayerForm,PayerFormID,Livesql3/cred.sql
cred,PayerFormSetForm,PayerFormSetID,FK_PayerFormSetForm_PayerFormSet_PayerFormSetID,PayerFormSet,PayerFormSetID,Livesql3/cred.sql
cred,PayerFormSetState,PayerFormSetID,FK_PayerFormSetState_PayerFormSet_PayerFormSetID,PayerFormSet,PayerFormSetID,Livesql3/cred.sql
cred,PayerOutreachStatus,OutreachStatusID,FK_PayerOutreachStatus_OutreachStatus_OutreachStatusID,OutreachStatus,OutreachStatusID,Livesql3/cred.sql
cred,PayerOutreachStatus,OutreachTypeID,FK_PayerOutreachStatus_OutreachType_OutreachTypeID,OutreachType,OutreachTypeID,Livesql3/cred.sql
cred,PayerProcessOutreachEvent,NotificationConfigID,FK_PayerProcessOutreachEvent_PayerProcessNotificationConfig_NotificationConfigID,PayerProcessNotificationConfig,ConfigID,Livesql3/cred.sql
cred,PayerProcessOutreachEvent,PayerProcessOutreachID,FK_PayerProcessOutreachEvent_PayerProcessOutreach_PayerProcessOutreachID,PayerProcessOutreach,OutreachID,Livesql3/cred.sql
cred,PayerStateForm,StateFormID,FK_PayerStateForm_StateForm_StateFormID,StateForm,StateFormID,Livesql3/cred.sql
cred,PayerUserOutreachEventNote,UserOutreachEventID,FK_PayerUserOutreachEventNote_PayerUserOutreachEvent_UserOutreachEventID,PayerUserOutreachEvent,UserOutreachEventID,Livesql3/cred.sql
cred,PrimaryDataSourceConfig,FormTypeID,FK_PrimaryDataSourceConfig_FormType_FormTypeID,FormType,FormTypeID,Livesql3/cred.sql
cred,PrimaryDataSourceConfig,DataSourceID,FK_PrimaryDataSourceConfig_PrimaryDataSource_DataSourceID,PrimaryDataSource,DataSourceID,Livesql3/cred.sql
cred,PrimaryDataSourceLookupResponse,DataSourceRequestID,FK_PrimaryDataSourceLookupResponse_PrimaryDataSourceRequest_DataSourceRequestID,PrimaryDataSourceRequest,DataSourceRequestID,Livesql3/cred.sql
cred,PrimaryDataSourceRequest,DataSourceConfigID,FK_PrimaryDataSourceRequest_PrimaryDataSourceConfig_DataSourceConfigID,PrimaryDataSourceConfig,DataSourceConfigID,Livesql3/cred.sql
cred,PrimaryDataSourceResponse,DataSourceRequestID,FK_PrimaryDataSourceResponse_PrimaryDataSourceRequest_DataSourceRequestID,PrimaryDataSourceRequest,DataSourceRequestID,Livesql3/cred.sql
cred,ProviderApplicationStatus,ApplicationSetID,FK_ProviderApplicationStatus_ApplicationSet_ApplicationSetID,ApplicationSet,ApplicationSetID,Livesql3/cred.sql
cred,ProviderApplicationStatusLocation,ApplicationStatusID,FK_ProviderApplicationStatusLocation_ProviderApplicationStatus_ApplicationStatusID,ProviderApplicationStatus,ApplicationStatusID,Livesql3/cred.sql
cred,ProviderApplicationStatusPlan,ApplicationStatusID,FK_ProviderApplicationStatusPlan_ProviderApplicationStatus_ApplicationStatusID,ProviderApplicationStatus,ApplicationStatusID,Livesql3/cred.sql
cred,ProviderDocumentMeta,DocumentType,FK_ProviderDocumentMeta_DocumentType_DocumentType,DocumentType,Name,Livesql3/cred.sql
cred,ProviderForm,ApplicationSetID,FK_ProviderForm_ApplicationSet_ApplicationSetID,ApplicationSet,ApplicationSetID,Livesql3/cred.sql
cred,ProviderForm,PayerFormID,FK_ProviderForm_PayerForm_PayerFormID,PayerForm,PayerFormID,Livesql3/cred.sql
cred,ProviderFormAnswer,ProviderFormID,FK_ProviderFormAnswer_ProviderForm_ProviderFormID,ProviderForm,ProviderFormID,Livesql3/cred.sql
cred,ProviderFormAnswer,QuestionID,FK_ProviderFormAnswer_Question_QuestionID,Question,QuestionID,Livesql3/cred.sql
cred,ProviderFormDocumentMeta,ProviderDocumentMetaID,FK_ProviderFormDocumentMeta_ProviderDocumentMeta_ProviderDocumentMetaID,ProviderDocumentMeta,ProviderDocumentMetaID,Livesql3/cred.sql
cred,ProviderFormNote,ProviderFormID,FK_ProviderFormNote_ProviderForm_ProviderFormID,ProviderForm,ProviderFormID,Livesql3/cred.sql
cred,ProviderProfileSummary,CategoryID,FK_ProviderProfileSummary_Category_CategoryID,Category,CategoryID,Livesql3/cred.sql
cred,ProviderStateForm,ApplicationSetID,FK_ProviderStateForm_ApplicationSet_ApplicationSetID,ApplicationSet,ApplicationSetID,Livesql3/cred.sql
cred,ProviderStateForm,StateFormID,FK_ProviderStateForm_StateForm_StateFormID,StateForm,StateFormID,Livesql3/cred.sql
cred,ProviderStateFormAnswer,ProviderStateFormID,FK_ProviderStateFormAnswer_ProviderStateForm_ProviderStateFormID,ProviderStateForm,ProviderStateFormID,Livesql3/cred.sql
cred,ProviderStateFormAnswer,QuestionID,FK_ProviderStateFormAnswer_Question_QuestionID,Question,QuestionID,Livesql3/cred.sql
cred,ProviderStateFormNote,ProviderStateFormID,FK_ProviderStateFormNote_ProviderStateForm_ProviderStateFormID,ProviderStateForm,ProviderStateFormID,Livesql3/cred.sql
cred,Question,InputTypeID,FK_Question_InputType_InputTypeID,InputType,InputTypeID,Livesql3/cred.sql
cred,QuestionOption,QuestionID,FK_QuestionOption_Question_QuestionID,Question,QuestionID,Livesql3/cred.sql
cred,QuestionRelationshipAnswer,QuestionRelationshipID,FK_QuestionRelationshipAnswer_QuestionRelationship_QuestionRelationshipID,QuestionRelationship,QuestionRelationshipID,Livesql3/cred.sql
cred,RoleFunction,RoleID,FK_RoleFunction_Role_RoleID,Role,RoleID,Livesql3/cred.sql
cred,StateFormQuestion,QuestionID,FK_StateFormQuestion_Question_QuestionID,Question,QuestionID,Livesql3/cred.sql
cred,StateFormQuestion,StateFormID,FK_StateFormQuestion_StateForm_StateFormID,StateForm,StateFormID,Livesql3/cred.sql
cred,StateFormSetForm,PayerFormSetID,FK_StateFormSetForm_PayerFormSet_PayerFormSetID,PayerFormSet,PayerFormSetID,Livesql3/cred.sql
cred,StateFormSetForm,StateFormID,FK_StateFormSetForm_StateForm_StateFormID,StateForm,StateFormID,Livesql3/cred.sql
cred,SubCategory,CategoryID,FK_SubCategory_Category_CategoryID,Category,CategoryID,Livesql3/cred.sql
cred,UserAnswer,QuestionID,FK_UserAnswer_Question_QuestionID,Question,QuestionID,Livesql3/cred.sql
cred,UserReviewAuthorizationAudit,UserRoleID,FK_UserReviewAuthorizationAudit_UserRole_UserRoleID,UserRole,UserRoleID,Livesql3/cred.sql
chs,AggregatorMetaClaim,DeliveryRegistrationID,FK_AggregatorMetaClaim_PartnerWidgetDeliveryRegistration,PartnerWidgetDeliveryRegistration,DeliveryRegistrationID,Livesql3/chs.sql
chs,ClaimPaymentAddress,ClaimPaymentID,FK_ClaimPaymentAddress_ClaimPayment_ClaimPaymentID,ClaimPayment,ClaimPaymentID,Livesql3/chs.sql
chs,ClaimPaymentAdjudication,ClaimPaymentClaimID,FK_ClaimPaymentAdjudication_ClaimPaymentClaim_ClaimPaymentClaimID,ClaimPaymentClaim,ClaimPaymentClaimID,Livesql3/chs.sql
chs,ClaimPaymentAdjustment,ClaimPaymentID,FK_ClaimPaymentAdjustment_ClaimPayment_ClaimPaymentID,ClaimPayment,ClaimPaymentID,Livesql3/chs.sql
chs,ClaimPaymentClaim,ClaimPaymentDetailID,FK_ClaimPaymentClaim_ClaimPaymentDetail_ClaimPaymentDetailID,ClaimPaymentDetail,ClaimPaymentDetailID,Livesql3/chs.sql
chs,ClaimPaymentClaim,MetaClaimID,FK_ClaimPaymentClaim_MetaClaim,MetaClaim,MetaClaimID,Livesql3/chs.sql
chs,ClaimPaymentClaim,MetaClaimID,FK_ClaimPaymentClaim_MetaClaim_MetaClaimID,MetaClaim,MetaClaimID,Livesql3/chs.sql
chs,ClaimPaymentClaimAdjustment,ClaimPaymentClaimID,FK_ClaimPaymentClaimAdjustment_ClaimPaymentClaim_ClaimPaymentClaimID,ClaimPaymentClaim,ClaimPaymentClaimID,Livesql3/chs.sql
chs,ClaimPaymentClaimEntity,ClaimPaymentClaimID,FK_ClaimPaymentClaimEntity_ClaimPaymentClaim_ClaimPaymentClaimID,ClaimPaymentClaim,ClaimPaymentClaimID,Livesql3/chs.sql
chs,ClaimPaymentClaimItem,ClaimPaymentClaimID,FK_ClaimPaymentClaimItem_ClaimPaymentClaim_ClaimPaymentClaimID,ClaimPaymentClaim,ClaimPaymentClaimID,Livesql3/chs.sql
chs,ClaimPaymentClaimItemAdjustment,ClaimPaymentClaimItemID,FK_ClaimPaymentClaimItemAdjustment_ClaimPaymentClaimItem_ClaimPaymentClaimItemID,ClaimPaymentClaimItem,ClaimPaymentClaimItemID,Livesql3/chs.sql
chs,ClaimPaymentDetail,ClaimPaymentID,FK_ClaimPaymentDetail_ClaimPayment_ClaimPaymentID,ClaimPayment,ClaimPaymentID,Livesql3/chs.sql
chs,ClaimPaymentDigest,PartnerCode,FK_ClaimPaymentDigest_PartnerCode_PartnerCode,PartnerCode,PartnerCode,Livesql3/chs.sql
chs,ClaimPaymentSummary,ClaimPaymentDetailID,FK_ClaimPaymentSummary_ClaimPaymentDetail_ClaimPaymentDetailID,ClaimPaymentDetail,ClaimPaymentDetailID,Livesql3/chs.sql
chs,ClaimPaymentSupplementSummary,ClaimPaymentDetailID,FK_ClaimPaymentSupplementSummary_ClaimPaymentDetail_ClaimPaymentDetailID,ClaimPaymentDetail,ClaimPaymentDetailID,Livesql3/chs.sql
chs,FileDocumentMap,PartnerCode,FK_FileDocumentMap_PartnerCode_PartnerCode,PartnerCode,PartnerCode,Livesql3/chs.sql
chs,MetaAck,AckedMetaFileID,FK_MetaAck_MetaFile_AckedMetaFileID,MetaFile,MetaFileID,Livesql3/chs.sql
chs,MetaAck,DestPartnerCode,FK_MetaAck_PartnerCode_DestPartnerCode,PartnerCode,PartnerCode,Livesql3/chs.sql
chs,MetaAck,SourcePartnerCode,FK_MetaAck_PartnerCode_SourcePartnerCode,PartnerCode,PartnerCode,Livesql3/chs.sql
chs,MetaAckFile,MetaAckID,FK_MetaAckFile_MetaAck_MetaAckID,MetaAck,MetaAckID,Livesql3/chs.sql
chs,MetaAppAdvice,AppAdviceMetaFileID,FK_MetaAppAdvice_MetaFile_AppAdviceMetaFileID,MetaFile,MetaFileID,Livesql3/chs.sql
chs,MetaAppAdvice,DestPartnerCode,FK_MetaAppAdvice_PartnerCode_DestPartnerCode,PartnerCode,PartnerCode,Livesql3/chs.sql
chs,MetaAppAdvice,SourcePartnerCode,FK_MetaAppAdvice_PartnerCode_SourcePartnerCode,PartnerCode,PartnerCode,Livesql3/chs.sql
chs,MetaAttachment,InFileID,FK_MetaAttachment_MetaFile_InFileID,MetaFile,MetaFileID,Livesql3/chs.sql
chs,MetaAttachment,OutFileID,FK_MetaAttachment_MetaFile_OutFileID,MetaFile,MetaFileID,Livesql3/chs.sql
chs,MetaAttachment,DestPartnerCode,FK_MetaAttachment_PartnerCode_DestPartnerCode,PartnerCode,PartnerCode,Livesql3/chs.sql
chs,MetaAttachment,SourcePartnerCode,FK_MetaAttachment_PartnerCode_SourcePartnerCode,PartnerCode,PartnerCode,Livesql3/chs.sql
chs,MetaBankPayment,MetaBankPaymentID,FK_MetaBankPayment_MetaBankPayment,MetaBankPayment,MetaBankPaymentID,Livesql3/chs.sql
chs,MetaBankPayment,InFileID,FK_MetaBankPayment_MetaFile_InFileID,MetaFile,MetaFileID,Livesql3/chs.sql
chs,MetaBankPayment,OutFileID,FK_MetaBankPayment_MetaFile_OutFileID,MetaFile,MetaFileID,Livesql3/chs.sql
chs,MetaBankPayment,DestPartnerCode,FK_MetaBankPayment_PartnerCode_DestPartnerCode,PartnerCode,PartnerCode,Livesql3/chs.sql
chs,MetaBankPayment,SourcePartnerCode,FK_MetaBankPayment_PartnerCode_sourcePartnerCode,PartnerCode,PartnerCode,Livesql3/chs.sql
chs,MetaClaim,DestPartnerCode,FK_MetaClaim_PartnerCode_DestPartnerCode,PartnerCode,PartnerCode,Livesql3/chs.sql
chs,MetaClaim,SourcePartnerCode,FK_MetaClaim_PartnerCode_SourcePartnerCode,PartnerCode,PartnerCode,Livesql3/chs.sql
chs,MetaClaimPayment,InFileID,FK_MetaClaimPayment_MetaFile_InFileID,MetaFile,MetaFileID,Livesql3/chs.sql
chs,MetaClaimPayment,OutFileID,FK_MetaClaimPayment_MetaFile_OutFileID,MetaFile,MetaFileID,Livesql3/chs.sql
chs,MetaClaimPayment,DestPartnerCode,FK_MetaClaimPayment_PartnerCode_DestPartnerCode,PartnerCode,PartnerCode,Livesql3/chs.sql
chs,MetaClaimPayment,SourcePartnerCode,FK_MetaClaimPayment_PartnerCode_SourcePartnerCode,PartnerCode,PartnerCode,Livesql3/chs.sql
chs,MetaClaimStatus,InFileID,FK_MetaClaimStatus_MetaFile_InFileID,MetaFile,MetaFileID,Livesql3/chs.sql
chs,MetaClaimStatus,OutFileID,FK_MetaClaimStatus_MetaFile_OutFileID,MetaFile,MetaFileID,Livesql3/chs.sql
chs,MetaClaimStatus,DestPartnerCode,FK_MetaClaimStatus_PartnerCode_DestPartnerCode,PartnerCode,PartnerCode,Livesql3/chs.sql
chs,MetaClaimStatus,SourcePartnerCode,FK_MetaClaimStatus_PartnerCode_SourcePartnerCode,PartnerCode,PartnerCode,Livesql3/chs.sql
chs,MetaClaimStatusFile,MetaClaimStatusID,FK_MetaClaimStatusFile_MetaClaimStatus_MetaClaimStatusID,MetaClaimStatus,MetaClaimStatusID,Livesql3/chs.sql
chs,MetaClaimStatusRequest,DestPartnerCode,FK_MetaClaimStatusRequest_PartnerCode_DestPartnerCode,PartnerCode,PartnerCode,Livesql3/chs.sql
chs,MetaClaimStatusRequest,SourcePartnerCode,FK_MetaClaimStatusRequest_PartnerCode_SourcePartnerCode,PartnerCode,PartnerCode,Livesql3/chs.sql
chs,MetaEligRequest,DestPartnerCode,FK_MetaEligRequest_PartnerCode_DestPartnerCode,PartnerCode,PartnerCode,Livesql3/chs.sql
chs,MetaEligRequest,SourcePartnerCode,FK_MetaEligRequest_PartnerCode_SourcePartnerCode,PartnerCode,PartnerCode,Livesql3/chs.sql
chs,MetaEligResponse,DestPartnerCode,FK_MetaEligResponse_PartnerCode_DestPartnerCode,PartnerCode,PartnerCode,Livesql3/chs.sql
chs,MetaEligResponse,SourcePartnerCode,FK_MetaEligResponse_PartnerCode_SourcePartnerCode,PartnerCode,PartnerCode,Livesql3/chs.sql
chs,MetaEnrollment,InFileID,FK_MetaEnrollment_MetaFile_InFileID,MetaFile,MetaFileID,Livesql3/chs.sql
chs,MetaEnrollment,OutFileID,FK_MetaEnrollment_MetaFile_OutFileID,MetaFile,MetaFileID,Livesql3/chs.sql
chs,MetaEnrollment,DestPartnerCode,FK_MetaEnrollment_PartnerCode_DestPartnerCode,PartnerCode,PartnerCode,Livesql3/chs.sql
chs,MetaEnrollment,SourcePartnerCode,FK_MetaEnrollment_PartnerCode_sourcePartnerCode,PartnerCode,PartnerCode,Livesql3/chs.sql
chs,MetaEnrollmentFile,MetaEnrollmentID,FK_MetaEnrollmentFile_MetaEnrollment_MetaEnrollmentID,MetaEnrollment,MetaEnrollmentID,Livesql3/chs.sql
chs,MetaFile,PartnerCode,FK_MetaFile_PartnerCode_PartnerCode,PartnerCode,PartnerCode,Livesql3/chs.sql
chs,MetaFileNote,MetaFileID,FK_MetaFileNote_MetaFile_MetaFileID,MetaFile,MetaFileID,Livesql3/chs.sql
chs,MetaFileSize,MetaFileID,FK_MetaFileSize_MetaFile_MetaFileID,MetaFile,MetaFileID,Livesql3/chs.sql
chs,MetaImplAck,ImplAckMetaFileID,FK_MetaImplAck_MetaFile_ImplAckMetaFileID,MetaFile,MetaFileID,Livesql3/chs.sql
chs,MetaImplAck,DestPartnerCode,FK_MetaImplAck_PartnerCode_DestPartnerCode,PartnerCode,PartnerCode,Livesql3/chs.sql
chs,MetaImplAck,SourcePartnerCode,FK_MetaImplAck_PartnerCode_SourcePartnerCode,PartnerCode,PartnerCode,Livesql3/chs.sql
chs,MetaImplAckFile,MetaImplAckID,FK_MetaImplAckFile_MetaImplAck_MetaImplAckID,MetaImplAck,MetaImplAckID,Livesql3/chs.sql
chs,MetaOfficeResponse,InFileID,FK_MetaOfficeResponse_MetaFile_InFileID,MetaFile,MetaFileID,Livesql3/chs.sql
chs,MetaOfficeResponse,OutFileID,FK_MetaOfficeResponse_MetaFile_OutFileID,MetaFile,MetaFileID,Livesql3/chs.sql
chs,MetaOfficeResponse,DestPartnerCode,FK_MetaOfficeResponse_PartnerCode_DestPartnerCode,PartnerCode,PartnerCode,Livesql3/chs.sql
chs,MetaOfficeResponse,SourcePartnerCode,FK_MetaOfficeResponse_PartnerCode_SourcePartnerCode,PartnerCode,PartnerCode,Livesql3/chs.sql
chs,MetaOfficeResponseFile,MetaOfficeResponseID,FK_MetaOfficeResponseFile_MetaOfficeResponse_MetaOfficeResponseID,MetaOfficeResponse,MetaOfficeResponseID,Livesql3/chs.sql
chs,MetaTransportAudit,FileID,FK_MetaTransportAudit_MetaFile_FileID,MetaFile,MetaFileID,Livesql3/chs.sql
chs,MetaTransportAudit,DestPartnerCode,FK_MetaTransportAudit_PartnerCode_DestPartnerCode,PartnerCode,PartnerCode,Livesql3/chs.sql
chs,MetaTransportAudit,SourcePartnerCode,FK_MetaTransportAudit_PartnerCode_SourcePartnerCode,PartnerCode,PartnerCode,Livesql3/chs.sql
chs,MetaTransportAuditFile,MetaTransportAuditID,FK_MetaTransportAuditFile_MetaTransportAudit_MetaTransportAuditID,MetaTransportAudit,MetaTransportAuditID,Livesql3/chs.sql
chs,NonCompliantFile,FileId,FK_NonCompliantFile_MetaFile_FileId,MetaFile,MetaFileID,Livesql3/chs.sql
chs,NonCompliantFile,PartnerCode,FK_NonCompliantFile_PartnerCode_PartnerCode,PartnerCode,PartnerCode,Livesql3/chs.sql
chs,NonCompliantFileItem,NonCompliantFileId,FK_NonCompliantFileItem_NonCompliantFile_NonCompliantFileId,NonCompliantFile,NonCompliantFileID,Livesql3/chs.sql
chs,ObjectInfo,ProcessInfoID,FK_ObjectInfo_ProcessInfo_ProcessInfoID,ProcessInfo,ProcessInfoID,Livesql3/chs.sql
chs,PartnerBankAccount,DestPartnerCode,FK_PartnerBankAccount_PartnerCode,PartnerCode,PartnerCode,Livesql3/chs.sql
chs,PartnerDowntime,PartnerCode,FK_PartnerDowntime_PartnerCode_PartnerCode,PartnerCode,PartnerCode,Livesql3/chs.sql
chs,PartnerPartnerCode,PartnerCode,FK_PartnerPartnerCode_PartnerCode_PartnerCode,PartnerCode,PartnerCode,Livesql3/chs.sql
chs,PartnerPartnerCode,PartnerPartnerCode,FK_PartnerPartnerCode_PartnerCode_PartnerPartnerCode,PartnerCode,PartnerCode,Livesql3/chs.sql
chs,PartnerPayerSet,PartnerCode,FK_PartnerPayerSet_PartnerCode_PartnerCode,PartnerCode,PartnerCode,Livesql3/chs.sql
chs,PartnerPrice,PartnerPayerSetID,FK_PartnerPrice_PartnerPayerSet_PartnerPayerSetID,PartnerPayerSet,PartnerPayerSetID,Livesql3/chs.sql
chs,PartnerStatementItem,InvoicedPartnerCode,FK_PartnerStatementItem_PartnerCode_InvoicedPartnerCode,PartnerCode,PartnerCode,Livesql3/chs.sql
chs,PartnerStatementItem,PartnerPriceID,FK_PartnerStatementItem_PartnerPrice_PartnerPriceID,PartnerPrice,PartnerPriceID,Livesql3/chs.sql
chs,PartnerStatementItemAdjustment,PartnerStatementItemAdjustmentID,FK_PartnerStatementItemAdjustment_PartnerStatementItemAdjustment_PartnerStatementItemAdjustmentID,PartnerStatementItemAdjustment,PartnerStatementItemAdjustmentID,Livesql3/chs.sql
chs,PartnerSubAccount,PartnerCode,FK_PartnerSubAccount_PartnerCode_PartnerCode,PartnerCode,PartnerCode,Livesql3/chs.sql
chs,PartnerTranSubType,PartnerTranTypeID,FK_PartnerTranSubType_PartnerTranType_PartnerTranTypeID,PartnerTranType,PartnerTranTypeID,Livesql3/chs.sql
chs,PartnerTranSubTypeConfigType,PartnerConfigTypeID,FK_PartnerTranSubTypeConfigType_PartnerConfigType_PartnerConfigTypeID,PartnerConfigType,PartnerConfigTypeID,Livesql3/chs.sql
chs,PartnerTranSubTypeConfigType,PartnerTranSubTypeID,FK_PartnerTranSubTypeConfigType_PartnerTranSubType_PartnerTranSubTypeID,PartnerTranSubType,PartnerTranSubTypeID,Livesql3/chs.sql
chs,PartnerTranSubTypeConfiguration,PartnerCode,FK_PartnerTranSubTypeConfiguration_PartnerCode_PartnerCode,PartnerCode,PartnerCode,Livesql3/chs.sql
chs,PartnerTranSubTypeConfiguration,PartnerTranSubTypeID,FK_PartnerTranSubTypeConfiguration_PartnerTranSubType_PartnerTranSubTypeID,PartnerTranSubType,PartnerTranSubTypeID,Livesql3/chs.sql
chs,PartnerTranSubTypeConfiguration,InboundPartnerTranSubTypeConfigTypeID,FK_PartnerTranSubTypeConfiguration_PartnerTranSubTypeConfigType_InboundPartnerTranSubTypeConfigTypeID,PartnerTranSubTypeConfigType,PartnerTranSubTypeConfigTypeID,Livesql3/chs.sql
chs,PartnerTranSubTypeConfiguration,OutboundPartnerTranSubTypeConfigTypeID,FK_PartnerTranSubTypeConfiguration_PartnerTranSubTypeConfigType_OutboundPartnerTranSubTypeConfigTypeID,PartnerTranSubTypeConfigType,PartnerTranSubTypeConfigTypeID,Livesql3/chs.sql
chs,PartnerTranSubTypePayerNameTranslation,PartnerCode,FK_PartnerTranSubTypePayerNameTranslation_PartnerCode_PartnerCode,PartnerCode,PartnerCode,Livesql3/chs.sql
chs,PartnerTranSubTypePayerNameTranslation,PartnerTranSubTypeID,FK_PartnerTranSubTypePayerNameTranslation_PartnerTranSubType_PartnerTranSubTypeID,PartnerTranSubType,PartnerTranSubTypeID,Livesql3/chs.sql
chs,PayerPartnerCode,AlternateDestPartnerCode,FK_PayerPartnerCode_PartnerCode_AlternateDestPartnerCode,PartnerCode,PartnerCode,Livesql3/chs.sql
chs,PayerPartnerCode,DestPartnerCode,FK_PayerPartnerCode_PartnerCode_DestPartnerCode,PartnerCode,PartnerCode,Livesql3/chs.sql
chs,ProcessInfo,PartnerCode,FK_ProcessInfo_PartnerCode_PartnerCode,PartnerCode,PartnerCode,Livesql3/chs.sql
chs,ProviderPartnerMap,PartnerCode,FK_ProviderPartnerMap_PartnerCode_PartnerCode,PartnerCode,PartnerCode,Livesql3/chs.sql
chs,RuleConfig,PartnerCode,FK_RuleConfig_PartnerCode_PartnerCode,PartnerCode,PartnerCode,Livesql3/chs.sql
chs,RuleConfig,RuleDefinitionID,FK_RuleConfig_RuleDefinition_RuleDefinitionID,RuleDefinition,RuleDefinitionID,Livesql3/chs.sql
chs,RuleDefinition,RuleProcessorID,FK_RuleDefinition_RuleProcessor_RuleProcessorID,RuleProcessor,RuleProcessorID,Livesql3/chs.sql
chs,RuleDefinition,RuleType,FK_RuleDefinition_RuleType_RuleType,RuleType,RuleType,Livesql3/chs.sql
chs,SourceDestConfig,DestPartnerCode,FK_SourceDestConfig_PartnerCode,PartnerCode,PartnerCode,Livesql3/chs.sql
chs,SourceDestConfig,SourcePartnerCode,FK_SourceDestConfig_SourceDestConfig,PartnerCode,PartnerCode,Livesql3/chs.sql
chs,TransportAudit,FileID,FK_TransportAudit_MetaFile_FileID,MetaFile,MetaFileID,Livesql3/chs.sql
chs,TxIDGenerator,PartnerCode,FK_TxIDGenerator_PartnerCode_PartnerCode,PartnerCode,PartnerCode,Livesql3/chs.sql
pfs,ApplicationDigest,CreditApplicationID,FK_ApplicationDigest_CreditApplication_CreditApplicationID,CreditApplication,CreditApplicationID,Livesql3/pfs.sql
pfs,AuthorizationRequest,CreditApplicationID,FK_AuthorizationRequest_CreditApplication_CreditApplicationID,CreditApplication,CreditApplicationID,Livesql3/pfs.sql
pfs,CreditApplication,PriorCreditApplicationID,FK_CreditApplication_CreditApplication_PriorCreditApplicationID,CreditApplication,CreditApplicationID,Livesql3/pfs.sql
pfs,CreditOffer,RTServiceAuditID,FK_CreditOffer_RTServiceAudit_RTServiceAuditID,RTServiceAudit,RTServiceAuditID,Livesql3/pfs.sql
pfs,PartnerError,ErrorCode,FK_PartnerError_ErrorMessage_ErrorCode,ErrorMessage,ErrorCode,Livesql3/pfs.sql
reports,Billing_PartnerStatementItem,PartnerStatementItemID,FK_Billing_PartnerStatementItem_Billing_PartnerStatementItem_PartnerStatementItemID,Billing_PartnerStatementItem,PartnerStatementItemID,Livesql3/reportst.sql
reports,DssNetRev_Current,PartnerCode,FK_DssNetRev_Current_DssDimCHSPartnerCode_PartnerCode,DssDimCHSPartnerCode,PartnerCode,Livesql3/reportst.sql
reports,GroupFeatureStatus,GroupID,FK_GroupFeatureStatus_GroupActivity_GroupID,GroupActivity,GroupID,Livesql3/reportst.sql
reports,GroupFeatureStatus,FeatureID,FK_GroupFeatureStatus_ReportFeature_FeatureID,ReportFeature,FeatureID,Livesql3/reportst.sql
reports,PayerTrans,TransID,FK_PayerTrans_Trans_TransID,Trans,TransID,Livesql3/reportst.sql
reports,PMSTrans,TransID,FK_PMSTrans_Trans_TransID,Trans,TransID,Livesql3/reportst.sql
reports,ReportCache,ReportDefinitionID,FK_ReportCache_ReportDefinition_ReportDefinitionID,ReportDefinition,ReportDefinitionId,Livesql3/reportst.sql
reports,ReportDefinition,ReportCategoryId,FK_ReportDefinition_ReportCategory_ReportCategoryId,ReportCategory,ReportCategoryId,Livesql3/reportst.sql
reports,ReportDefinition,ReportTopicId,FK_ReportDefinition_ReportTopic_ReportTopicId,ReportTopic,ReportTopicID,Livesql3/reportst.sql
reports,ReportSubscription,ReportDefinitionID,FK_ReportSubscription_ReportDefinition_ReportDefinitionID,ReportDefinition,ReportDefinitionId,Livesql3/reportst.sql
reports,SupportACD,SAServiceAuditID,FK_SupportACD_SAServiceAudit_SAServiceAuditID,SAServiceAudit,SAServiceAuditID,Livesql3/reportst.sql
reports,SupportCDR,SAServiceAuditID,FK_SupportCDR_SAServiceAudit_SAServiceAuditID,SAServiceAudit,SAServiceAuditID,Livesql3/reportst.sql
dea,Attachment,RTServiceAuditID,FK_Attachment_RTServiceAudit_RTServiceAuditID,RTServiceAudit,RTServiceAuditID,Livesql3/dea.sql
dea,AttachmentHistory,AttachmentID,FK_AttachmentHistory_Attachment_AttachmentID,Attachment,AttachmentID,Livesql3/dea.sql
dea,AttachmentImage,AttachmentID,FK_AttachmentImage_Attachment_AttachmentID,Attachment,AttachmentID,Livesql3/dea.sql
dea,ImageDocument,AttachmentImageID,FK_ImageDocument_AttachmentImage_AttachmentImageID,AttachmentImage,AttachmentImageID,Livesql3/dea.sql
ptp,BillingInfo,UserID,FK_BillingInfo_Users_UserID,Users,UserID,Livesql3/ptp.sql
ptp,PaymentTrans,BillingInfoID,FK_PaymentTrans_BillingInfo_BillingInfoID,BillingInfo,BillingInfoID,Livesql3/ptp.sql
ptp,PaymentTransHistory,PaymentTransID,FK_PaymentTransHistory_PaymentTrans_PaymentTransID,PaymentTrans,PaymentTransID,Livesql3/ptp.sql
ptp,UserAgreement,UserID,FK_UserAgreement_Users_UserID,Users,UserID,Livesql3/ptp.sql
ptp,UserAlias,UserID,FK_UserAlias_Users_UserID,Users,UserID,Livesql3/ptp.sql
ptp,UsersGroups,UserID,FK_UsersGroups_Users_UserID,Users,UserID,Livesql3/ptp.sql
dxcps,Audit_Trail_T,Audit_Trail_Type_ID,FK_Audit_Trail_T_Audit_Trail_Type_T_Audit_Trail_Type_ID,Audit_Trail_Type_T,Audit_Trail_Type_ID,Livesql3/dxcps.sql
dxcps,Batch_Info_T,Processor_ID,FK_Batch_Info_T_Processor_T_Processor_ID,Processor_T,Processor_ID,Livesql3/dxcps.sql
dxcps,Bill_Item_T,Bill_Item_Type_ID,FK_Bill_Item_T_Bill_Item_Type_T_Bill_Item_Type_ID,Bill_Item_Type_T,Bill_Item_Type_ID,Livesql3/dxcps.sql
dxcps,Bill_Item_T,Bill_Key,FK_Bill_Item_T_Bill_T_Bill_Key,Bill_T,Bill_Key,Livesql3/dxcps.sql
dxcps,Bill_T,Bill_Status_ID,FK_Bill_T_Bill_Status_T_Bill_Status_ID,Bill_Status_T,Bill_Status_ID,Livesql3/dxcps.sql
dxcps,Bill_T,Bill_Target_Type_ID,FK_Bill_T_Bill_Target_Type_T_Bill_Target_Type_ID,Bill_Target_Type_T,Bill_Target_Type_ID,Livesql3/dxcps.sql
dxcps,Business_Info_T,Bank_Info_Key,FK_Business_Info_T_Bank_Info_T_Bank_Info_Key,Bank_Info_T,Bank_Info_Key,Livesql3/dxcps.sql
dxcps,Business_Info_T,CC_Info_Key,FK_Business_Info_T_CC_Info_T_CC_Info_Key,CC_Info_T,Card_Info_Key,Livesql3/dxcps.sql
dxcps,Business_Info_T,Currency_ID,FK_Business_Info_T_Currency_T_Currency_ID,Currency_T,Currency_ID,Livesql3/dxcps.sql
dxcps,Check_Info_T,Account_Type_Key,FK_Check_Info_T_Account_Type_T_Account_Type_Key,Account_Type_T,Account_Type_Key,Livesql3/dxcps.sql
dxcps,Check_Info_T,Address_Key,FK_Check_Info_T_Address_T_Address_Key,Address_T,Address_Key,Livesql3/dxcps.sql
dxcps,Check_Info_T,Check_Type_Key,FK_Check_Info_T_Check_Type_T_Check_Type_Key,Check_Type_T,Check_Type_Key,Livesql3/dxcps.sql
dxcps,Contact_Owner_T,Contact_Key,FK_Contact_Owner_T_Contacts_T_Contact_Key,Contacts_T,Contact_Key,Livesql3/dxcps.sql
dxcps,Contacts_T,User_Key,FK_Contacts_T_User_T_User_Key,User_T,User_Key,Livesql3/dxcps.sql
dxcps,Contract_Bill_T,Contract_Key,FK_Contract_Bill_T_Contract_T_Contract_Key,Contract_T,Contract_Key,Livesql3/dxcps.sql
dxcps,Contract_T,Billing_Period_ID,FK_Contract_T_Billing_Period_T_Billing_Period_ID,Billing_Period_T,Billing_Period_ID,Livesql3/dxcps.sql
dxcps,Contract_T,Card_Info_Key,FK_Contract_T_CC_Info_T_Card_Info_Key,CC_Info_T,Card_Info_Key,Livesql3/dxcps.sql
dxcps,Contract_T,Check_Info_Key,FK_Contract_T_Check_Info_T_Check_Info_Key,Check_Info_T,Check_Info_Key,Livesql3/dxcps.sql
dxcps,Contract_T,Customer_Key,FK_Contract_T_Customer_T_Customer_Key,Customer_T,Customer_Key,Livesql3/dxcps.sql
dxcps,Contract_T,Status,FK_Contract_T_Status_T_Status,Status_T,Status,Livesql3/dxcps.sql
dxcps,Customer_Payment_Info_T,Card_Info_Key,FK_Customer_Payment_Info_T_CC_Info_T_Card_Info_Key,CC_Info_T,Card_Info_Key,Livesql3/dxcps.sql
dxcps,Customer_Payment_Info_T,Check_Info_Key,FK_Customer_Payment_Info_T_Check_Info_T_Check_Info_Key,Check_Info_T,Check_Info_Key,Livesql3/dxcps.sql
dxcps,Customer_Payment_Info_T,Customer_Key,FK_Customer_Payment_Info_T_Customer_T_Customer_Key,Customer_T,Customer_Key,Livesql3/dxcps.sql
dxcps,Customer_T,Contact_Key,FK_Customer_T_Contacts_T_Contact_Key,Contacts_T,Contact_Key,Livesql3/dxcps.sql
dxcps,Customer_T,Status,FK_Customer_T_Status_T_Status,Status_T,Status,Livesql3/dxcps.sql
dxcps,DatawireAudit,Merchant_Key,FK_DatawireAudit_Merchant_T_Merchant_Key,Merchant_T,Merchant_Key,Livesql3/dxcps.sql
dxcps,Email_Template_T,Email_Template_Type,FK_Email_Template_T_Email_Template_Type_Email_Template_Type,Email_Template_Type,Email_Template_Type,Livesql3/dxcps.sql
dxcps,FDCSouth_T,Processor_ID,FK_FDCSouth_T_Processor_T_Processor_ID,Processor_T,Processor_ID,Livesql3/dxcps.sql
dxcps,Group_Privilege_T,Group_ID,FK_Group_Privilege_T_Group_T_Group_ID,Group_T,Group_ID,Livesql3/dxcps.sql
dxcps,Group_Privilege_T,Privilege_ID,FK_Group_Privilege_T_Privilege_T_Privilege_ID,Privilege_T,Privilege_ID,Livesql3/dxcps.sql
dxcps,NOVA_T,Industry_ID,FK_NOVA_T_Industry_T_Industry_ID,Industry_T,Industry_ID,Livesql3/dxcps.sql
dxcps,NOVA_T,Processor_ID,FK_NOVA_T_Processor_T_Processor_ID,Processor_T,Processor_ID,Livesql3/dxcps.sql
dxcps,Offline_Batch_Info_T,Offline_Batch_Key,FK_Offline_Batch_Info_T_Offline_Batch_T_Offline_Batch_Key,Offline_Batch_T,Offline_Batch_Key,Livesql3/dxcps.sql
dxcps,Offline_Batch_Info_T,TRX_HD_Key,FK_Offline_Batch_Info_T_TRX_Header_T_TRX_HD_Key,TRX_Header_T,TRX_HD_Key,Livesql3/dxcps.sql
dxcps,Offline_Batch_T,Merchant_Key,FK_Offline_Batch_T_Merchant_T_Merchant_Key,Merchant_T,Merchant_Key,Livesql3/dxcps.sql
dxcps,Offline_Batch_T,User_Key,FK_Offline_Batch_T_User_T_User_Key,User_T,User_Key,Livesql3/dxcps.sql
dxcps,Payment_Method_T,Processor_ID,FK_Payment_Method_T_Processor_T_Processor_ID,Processor_T,Processor_ID,Livesql3/dxcps.sql
dxcps,Reseller_Email_Template_T,Email_Template_Key,FK_Reseller_Email_Template_T_Email_Template_T_Email_Template_Key,Email_Template_T,Email_Template_Key,Livesql3/dxcps.sql
dxcps,Reseller_Email_Template_T,Reseller_Key,FK_Reseller_Email_Template_T_Reseller_T_Reseller_Key,Reseller_T,Reseller_Key,Livesql3/dxcps.sql
dxcps,RMRS_T,Processor_ID,FK_RMRS_T_Processor_T_Processor_ID,Processor_T,Processor_ID,Livesql3/dxcps.sql
dxcps,TRX_Cash_T,TRX_HD_Key,FK_TRX_Cash_T_TRX_Header_T_TRX_HD_Key,TRX_Header_T,TRX_HD_Key,Livesql3/dxcps.sql
dxcps,TRX_Check_T,Account_Type_Key,FK_TRX_Check_T_Account_Type_T_Account_Type_Key,Account_Type_T,Account_Type_Key,Livesql3/dxcps.sql
dxcps,TRX_Check_T,Check_Type_Key,FK_TRX_Check_T_Check_Type_T_Check_Type_Key,Check_Type_T,Check_Type_Key,Livesql3/dxcps.sql
dxcps,TRX_RC_T,TRX_HD_Key,FK_TRX_RC_T_TRX_Header_T_TRX_HD_Key,TRX_Header_T,TRX_HD_Key,Livesql3/dxcps.sql
dxcps,User_Group_T,Group_ID,FK_User_Group_T_Group_T_Group_ID,Group_T,Group_ID,Livesql3/dxcps.sql
dxcps,User_Group_T,User_Key,FK_User_Group_T_User_T_User_Key,User_T,User_Key,Livesql3/dxcps.sql
dxcps,User_Log_T,User_ID,FK_User_Log_T_User_T_User_ID,User_T,User_Key,Livesql3/dxcps.sql
dxcps,User_Privilege_T,Privilege_ID,FK_User_Privilege_T_Privilege_T_Privilege_ID,Privilege_T,Privilege_ID,Livesql3/dxcps.sql
dxcps,User_Privilege_T,User_Key,FK_User_Privilege_T_User_T_User_Key,User_T,User_Key,Livesql3/dxcps.sql
dxcps,Vital_T,Country_ID,FK_Vital_T_Country_T_Country_ID,Country_T,Country_ID,Livesql3/dxcps.sql
dxcps,Vital_T,Currency_ID,FK_Vital_T_Currency_T_Currency_ID,Currency_T,Currency_ID,Livesql3/dxcps.sql
dxcps,Vital_T,Industry_ID,FK_Vital_T_Industry_T_Industry_ID,Industry_T,Industry_ID,Livesql3/dxcps.sql
dxcps,Vital_T,Input_Device_Key,FK_Vital_T_Input_Device_T_Input_Device_Key,Input_Device_T,Input_Device_Key,Livesql3/dxcps.sql
dxcps,Vital_T,Language_ID,FK_Vital_T_Language_Indicator_T_Language_ID,Language_Indicator_T,Language_ID,Livesql3/dxcps.sql
dxcps,Vital_T,Time_Zone_ID,FK_Vital_T_Time_Zone_T_Time_Zone_ID,Time_Zone_T,Time_Zone_ID,Livesql3/dxcps.sql
ddir,CallAudit,GroupId,FK_CallAudit_Practice_GroupID,Practice,GroupID,Livesql3/ddir.sql
ddir,PatientMessage,GroupID,FK_PatientMessage_Practice_GroupID,Practice,GroupID,Livesql3/ddir.sql
ddir,PracticeAssociation,AssociationID,FK_PracticeAssociation_Association_AssociationID,Association,AssociationID,Livesql3/ddir.sql
ddir,PracticeLanguage,LanguageID,FK_PracticeLanguage_Language_LanguageID,Language,LanguageID,Livesql3/ddir.sql
ddir,PracticeOffer,GroupID,FK_PracticeOffer_Practice_GroupID,Practice,GroupID,Livesql3/ddir.sql
ddir,PracticeOfferOld,OfferConditionID,FK_PracticeOfferOld_OfferCondition_OfferConditionID,OfferCondition,OfferConditionID,Livesql3/ddir.sql
ddir,PracticeOfferOld,GroupID,FK_PracticeOfferOld_Practice_GroupID,Practice,GroupID,Livesql3/ddir.sql
ddir,PracticeService,ServiceID,FK_PracticeService_Service_ServiceID,Service,ServiceID,Livesql3/ddir.sql