Database,Table,Matched,File
ext_raw,FiservJan24$,Card Network,DTT-ANA-PRD/ext_raw.sql
partcredDM,PayerPartnerOutreach,PayerPartnerOutreachID,DTT-ANA-PRD/partcredDM.sql
dw_atm_dxc,chs_MetaClaim_Since2023,SourcePartnerCode,DTT-ANA-PRD/dw_atm_dxc.sql
dw_atm_dxc,chs_MetaClaim_Since2023,DestPartnerCode,DTT-ANA-PRD/dw_atm_dxc.sql
dw_atm_dxc,chs_MetaClaim_Since2023,PartnerAccountNumber,DTT-ANA-PRD/dw_atm_dxc.sql
dw_atm_dxc,cred_billingactivity,Group_Package_Partner_ID,DTT-ANA-PRD/dw_atm_dxc.sql
dw_atm_dxc,cred_billingactivity,Group_Package_Partner_Name,DTT-ANA-PRD/dw_atm_dxc.sql
dw_atm_dxc,dci_billingactivity,Group_Package_Partner_ID,DTT-ANA-PRD/dw_atm_dxc.sql
dw_atm_dxc,dci_billingactivity,Group_Package_Partner_Name,DTT-ANA-PRD/dw_atm_dxc.sql
dw_atm_dxc,dci_rtserviceaudit_6mos,PartnerID,DTT-ANA-PRD/dw_atm_dxc.sql
dw_atm_dxc,dea_attachments_6mos,SourcePartnerCode,DTT-ANA-PRD/dw_atm_dxc.sql
dw_atm_dxc,dea_attachments_6mos,DestPartnerCode,DTT-ANA-PRD/dw_atm_dxc.sql
dw_atm_dxc,dea_attachments_6mos,PartnerClaimID,DTT-ANA-PRD/dw_atm_dxc.sql
dw_atm_dxc,pnt_billingactivity,Group_Package_Partner_ID,DTT-ANA-PRD/dw_atm_dxc.sql
dw_atm_dxc,pnt_billingactivity,Group_Package_Partner_Name,DTT-ANA-PRD/dw_atm_dxc.sql
ext_raw_pc,cardpaymentmethods,network,DTT-ANA-PRD/ext_raw_pc.sql
ext_raw_ec,payerbenefit,networkname,DTT-ANA-PRD/ext_raw_ec.sql
ext_raw_ec,payerbenefitmanualentry,networkname,DTT-ANA-PRD/ext_raw_ec.sql
ext_raw_ec,payerbenefitmanualentry,networktype,DTT-ANA-PRD/ext_raw_ec.sql
lkr,LR$LQ7391755234095634_clearinghouse_claim_statuses,Source_Partner_Code,DTT-ANA-PRD/lkr.sql
lkr,LR$LQ7391755234095634_clearinghouse_claim_statuses,Source_Partner_Name,DTT-ANA-PRD/lkr.sql
lkr,LR$LQ7391755234095634_clearinghouse_claim_statuses,Claim_Status_Source_Partner_Code,DTT-ANA-PRD/lkr.sql
lkr,LR$LQPAC1755293594531_clearinghouse_enrollment_errors,Source_Partner_Code,DTT-ANA-PRD/lkr.sql
lkr,LR$LQPAC1755293594531_clearinghouse_enrollment_errors,Source_Partner_Name,DTT-ANA-PRD/lkr.sql
lkr,LR$LQPAC1755293594531_clearinghouse_enrollment_errors,Claim_Status_Source_Partner_Code,DTT-ANA-PRD/lkr.sql
lkr,LR$LQPAC1755300938467_clearinghouse_enrollment_errors,Source_Partner_Code,DTT-ANA-PRD/lkr.sql
lkr,LR$LQPAC1755300938467_clearinghouse_enrollment_errors,Source_Partner_Name,DTT-ANA-PRD/lkr.sql
lkr,LR$LQPAC1755300938467_clearinghouse_enrollment_errors,Claim_Status_Source_Partner_Code,DTT-ANA-PRD/lkr.sql
master,DataloadSQL3_Payers_Table,MasterDestPartnerCode,DTT-ANA-PRD/ent.sql
master,DataloadSQL3_Payers_Table,DestPartnerCode,DTT-ANA-PRD/ent.sql
master,DataloadSQL3_Payers_Table,AlternateDestPartnerCode,DTT-ANA-PRD/ent.sql
master,DataloadSQL3_Payers_Table,DASPrintDestPartnerCode,DTT-ANA-PRD/ent.sql
master,DataloadSQL3_Payers_Table,DASPortalPartnerCode,DTT-ANA-PRD/ent.sql
master,DataloadSQL3_Payers_Table,DASFileDeliveryPartnerCode,DTT-ANA-PRD/ent.sql
master,DCIClaimPaymentFLATClaimPaymentsLifeCycles,PayerPartnerCode,DTT-ANA-PRD/ent.sql
master,DCIClaimPaymentFLATClaimPaymentsLifeCycles,ProcessorPartnerCode,DTT-ANA-PRD/ent.sql
master,DEAAttachmentFLATAttachmentsLifeCycles,SourcePartnerCode,DTT-ANA-PRD/ent.sql
master,DEAAttachmentFLATAttachmentsLifeCycles,DestinationPartnerCode,DTT-ANA-PRD/ent.sql
master,DEAAttachmentFLATAttachmentsLifeCycles,First60SentToPartnerDate,DTT-ANA-PRD/ent.sql
master,DEAAttachmentFLATAttachmentsLifeCycles,Last60SentToPartnerDate,DTT-ANA-PRD/ent.sql
master,DEAAttachmentFLATAttachmentsLifeCycles,First100PartnerViewedDate,DTT-ANA-PRD/ent.sql
master,DEAAttachmentFLATAttachmentsLifeCycles,Last100PartnerViewedDate,DTT-ANA-PRD/ent.sql
master,TEMP_DLS3,SourcePartnerCode,DTT-ANA-PRD/ent.sql
master,TEMP_DLS3,DestPartnerCode,DTT-ANA-PRD/ent.sql
master,Payers,MasterDestPartnerCode,DTT-ANA-PRD/ent.sql
master,Payers,DestPartnerCode,DTT-ANA-PRD/ent.sql
master,Payers,AlternateDestPartnerCode,DTT-ANA-PRD/ent.sql
master,Payers,DASPrintDestPartnerCode,DTT-ANA-PRD/ent.sql
master,Payers,DASPortalPartnerCode,DTT-ANA-PRD/ent.sql
master,Payers,DASFileDeliveryPartnerCode,DTT-ANA-PRD/ent.sql
master,PayersAudit,MasterDestPartnerCode,DTT-ANA-PRD/ent.sql
master,PayersAudit,DestPartnerCode,DTT-ANA-PRD/ent.sql
master,PayersAudit,AlternateDestPartnerCode,DTT-ANA-PRD/ent.sql
master,PayersAudit,DASPrintDestPartnerCode,DTT-ANA-PRD/ent.sql
master,PayersAudit,DASPortalPartnerCode,DTT-ANA-PRD/ent.sql
master,PayersAudit,DASFileDeliveryPartnerCode,DTT-ANA-PRD/ent.sql
master,ClearinghouseClaims,DestinationPartnerCode,DTT-ANA-PRD/ent.sql
master,Claims,SourcePartnerCode,DTT-ANA-PRD/ent.sql
master,Claims,DestPartnerCode,DTT-ANA-PRD/ent.sql
master,Claims,SourcePartnerCode,DTT-ANA-PRD/ent.sql
master,Claims,DestPartnerCode,DTT-ANA-PRD/ent.sql
dw,Subscriptions_Snapshot,Partner_Tran_Type_ID,DTT-TRX-PRD/dw.sql
dw,Subscriptions_Snapshot,Partner_Tran_Sub_Type_ID,DTT-TRX-PRD/dw.sql
trxWsdm,ClientSubscriptionEvents,PartnerID,DTT-TRX-PRD/trxWsdm.sql
trxWsdm,ClientTransactions,PartnerTranTypeID,DTT-TRX-PRD/trxWsdm.sql
trxWsdm,ClientTransactions,PartnerTranTypeName,DTT-TRX-PRD/trxWsdm.sql
trxWsdm,ClientTransactions,SourcePartnerCode,DTT-TRX-PRD/trxWsdm.sql
trxWsdm,ClientTransactions,SourcePartnerDescription,DTT-TRX-PRD/trxWsdm.sql
trxWsdm,ClientTransactions,DestinationPartnerCode,DTT-TRX-PRD/trxWsdm.sql
trxWsdm,ClientTransactions,DestinationPartnerDescription,DTT-TRX-PRD/trxWsdm.sql
trxWsdm,ClientTransactions,MasterDestinationPartnerCode,DTT-TRX-PRD/trxWsdm.sql
trxWsdm,ClientTransactions,MasterDestinationPartnerDescription,DTT-TRX-PRD/trxWsdm.sql
trxWsdm,TransactionEvents,PartnerTranSubTypeID,DTT-TRX-PRD/trxWsdm.sql
trxWsdm,TransactionEvents,PartnerTranSubTypeName,DTT-TRX-PRD/trxWsdm.sql
trxTest,ClientSubscriptionEvents,PartnerID,DTT-TRX-PRD/trxTest.sql
trxTest,ClientTransactions,PartnerTranTypeID,DTT-TRX-PRD/trxTest.sql
trxTest,ClientTransactions,PartnerTranTypeName,DTT-TRX-PRD/trxTest.sql
trxTest,ClientTransactions,SourcePartnerCode,DTT-TRX-PRD/trxTest.sql
trxTest,ClientTransactions,SourcePartnerDescription,DTT-TRX-PRD/trxTest.sql
trxTest,ClientTransactions,DestinationPartnerCode,DTT-TRX-PRD/trxTest.sql
trxTest,ClientTransactions,DestinationPartnerDescription,DTT-TRX-PRD/trxTest.sql
trxTest,ClientTransactions,MasterDestinationPartnerCode,DTT-TRX-PRD/trxTest.sql
trxTest,ClientTransactions,MasterDestinationPartnerDescription,DTT-TRX-PRD/trxTest.sql
trxTest,TransactionEvents,PartnerTranSubTypeID,DTT-TRX-PRD/trxTest.sql
trxTest,TransactionEvents,PartnerTranSubTypeName,DTT-TRX-PRD/trxTest.sql
trx,ClientSubscriptionEvents,PartnerID,DTT-TRX-PRD/trx.sql
trx,ClientTransactions,PartnerTranTypeID,DTT-TRX-PRD/trx.sql
trx,ClientTransactions,PartnerTranTypeName,DTT-TRX-PRD/trx.sql
trx,ClientTransactions,SourcePartnerCode,DTT-TRX-PRD/trx.sql
trx,ClientTransactions,SourcePartnerDescription,DTT-TRX-PRD/trx.sql
trx,ClientTransactions,DestinationPartnerCode,DTT-TRX-PRD/trx.sql
trx,ClientTransactions,DestinationPartnerDescription,DTT-TRX-PRD/trx.sql
trx,ClientTransactions,MasterDestinationPartnerCode,DTT-TRX-PRD/trx.sql
trx,ClientTransactions,MasterDestinationPartnerDescription,DTT-TRX-PRD/trx.sql
trx,TransactionEvents,PartnerTranSubTypeID,DTT-TRX-PRD/trx.sql
trx,TransactionEvents,PartnerTranSubTypeName,DTT-TRX-PRD/trx.sql
trxQA,ClientTransactions,PartnerTranTypeID,DTT-TRX-PRD/trxQA.sql
trxQA,ClientTransactions,PartnerTranTypeName,DTT-TRX-PRD/trxQA.sql
trxQA,ClientTransactions,SourcePartnerCode,DTT-TRX-PRD/trxQA.sql
trxQA,ClientTransactions,SourcePartnerDescription,DTT-TRX-PRD/trxQA.sql
trxQA,ClientTransactions,DestinationPartnerCode,DTT-TRX-PRD/trxQA.sql
trxQA,ClientTransactions,DestinationPartnerDescription,DTT-TRX-PRD/trxQA.sql
trxQA,ClientTransactions,MasterDestinationPartnerCode,DTT-TRX-PRD/trxQA.sql
trxQA,ClientTransactions,MasterDestinationPartnerDescription,DTT-TRX-PRD/trxQA.sql
trxQA,TransactionEvents,PartnerTranSubTypeID,DTT-TRX-PRD/trxQA.sql
trxQA,TransactionEvents,PartnerTranSubTypeName,DTT-TRX-PRD/trxQA.sql
trxQA,ClientSubscriptionEvents,PartnerID,DTT-TRX-PRD/trxQA.sql
ns,Customer_copy,partner,DTT-TRX-PRD/erpQA.sql
ns,Entity_copy,partner,DTT-TRX-PRD/erpQA.sql
ns,Item_copy,availabletopartners,DTT-TRX-PRD/erpQA.sql
ns,Item_copy,distributionnetwork,DTT-TRX-PRD/erpQA.sql
ns,SalesInvoiced_copy,partner,DTT-TRX-PRD/erpQA.sql
ns,Transaction_copy,custbodydxc_trx_partner_code,DTT-TRX-PRD/erpQA.sql
ns,Transaction_copy,partner,DTT-TRX-PRD/erpQA.sql
ns,ZABSubscriptionItem_copy,custrecorddxc_si_partner_code,DTT-TRX-PRD/erpQA.sql
trxDev,ClientSubscriptionEvents,PartnerID,DTT-TRX-PRD/trxDev.sql
trxDev,ClientTransactions,PartnerTranTypeID,DTT-TRX-PRD/trxDev.sql
trxDev,ClientTransactions,PartnerTranTypeName,DTT-TRX-PRD/trxDev.sql
trxDev,ClientTransactions,SourcePartnerCode,DTT-TRX-PRD/trxDev.sql
trxDev,ClientTransactions,SourcePartnerDescription,DTT-TRX-PRD/trxDev.sql
trxDev,ClientTransactions,DestinationPartnerCode,DTT-TRX-PRD/trxDev.sql
trxDev,ClientTransactions,DestinationPartnerDescription,DTT-TRX-PRD/trxDev.sql
trxDev,ClientTransactions,MasterDestinationPartnerCode,DTT-TRX-PRD/trxDev.sql
trxDev,ClientTransactions,MasterDestinationPartnerDescription,DTT-TRX-PRD/trxDev.sql
trxDev,TransactionEvents,PartnerTranSubTypeID,DTT-TRX-PRD/trxDev.sql
trxDev,TransactionEvents,PartnerTranSubTypeName,DTT-TRX-PRD/trxDev.sql
erp,ClientGLEntrySummary,PartnerTranTypeID,DTT-TRX-PRD/erp.sql
erp,ClientGLEntrySummary,PartnerTranTypeName,DTT-TRX-PRD/erp.sql
erp,ClientGLEntrySummary,PartnerTranSubTypeID,DTT-TRX-PRD/erp.sql
erp,ClientGLEntrySummary,PartnerTranSubTypeName,DTT-TRX-PRD/erp.sql
erp,ClientGLEntrySummaryAudit,PartnerTranTypeID,DTT-TRX-PRD/erp.sql
erp,ClientGLEntrySummaryAudit,PartnerTranTypeName,DTT-TRX-PRD/erp.sql
erp,ClientGLEntrySummaryAudit,PartnerTranSubTypeID,DTT-TRX-PRD/erp.sql
erp,ClientGLEntrySummaryAudit,PartnerTranSubTypeName,DTT-TRX-PRD/erp.sql
erp,ClientUsageSummary,PartnerTranTypeID,DTT-TRX-PRD/erp.sql
erp,ClientUsageSummary,PartnerTranTypeName,DTT-TRX-PRD/erp.sql
erp,ClientUsageSummary,PartnerTranSubTypeID,DTT-TRX-PRD/erp.sql
erp,ClientUsageSummary,PartnerTranSubTypeName,DTT-TRX-PRD/erp.sql
erp,ClientUsageSummary,DestinationPartnerCode,DTT-TRX-PRD/erp.sql
erp,ClientUsageSummary,DestinationPartnerName,DTT-TRX-PRD/erp.sql
erp,ClientUsageSummary,SourcePartnerCode,DTT-TRX-PRD/erp.sql
erp,ClientUsageSummary,SourcePartnerName,DTT-TRX-PRD/erp.sql
erp,ClientUsageSummary,PartnerCode,DTT-TRX-PRD/erp.sql
erp,ClientUsageSummary,PartnerName,DTT-TRX-PRD/erp.sql
erp,ClientUsageSummary,InvoicedPartnerCode,DTT-TRX-PRD/erp.sql
erp,ClientUsageSummary,InvoicedPartnerName,DTT-TRX-PRD/erp.sql
erp,ClientUsageSummary,PartnerPayerSetTierIncluded,DTT-TRX-PRD/erp.sql
erp,ClientUsageSummary,PartnerPartnerGroupBy,DTT-TRX-PRD/erp.sql
erp,ClientUsageSummary,PartnerPartnerIncludeInBilling,DTT-TRX-PRD/erp.sql
erp,ClientUsageSummary,ProductGroupPackageContractPartnerID,DTT-TRX-PRD/erp.sql
erp,ClientUsageSummary_20250128Backup,PartnerTranTypeID,DTT-TRX-PRD/erp.sql
erp,ClientUsageSummary_20250128Backup,PartnerTranTypeName,DTT-TRX-PRD/erp.sql
erp,ClientUsageSummary_20250128Backup,PartnerTranSubTypeID,DTT-TRX-PRD/erp.sql
erp,ClientUsageSummary_20250128Backup,PartnerTranSubTypeName,DTT-TRX-PRD/erp.sql
erp,ClientUsageSummary_20250128Backup,DestinationPartnerCode,DTT-TRX-PRD/erp.sql
erp,ClientUsageSummary_20250128Backup,DestinationPartnerName,DTT-TRX-PRD/erp.sql
erp,ClientUsageSummary_20250128Backup,SourcePartnerCode,DTT-TRX-PRD/erp.sql
erp,ClientUsageSummary_20250128Backup,SourcePartnerName,DTT-TRX-PRD/erp.sql
erp,ClientUsageSummary_20250128Backup,PartnerCode,DTT-TRX-PRD/erp.sql
erp,ClientUsageSummary_20250128Backup,PartnerName,DTT-TRX-PRD/erp.sql
erp,ClientUsageSummary_20250128Backup,InvoicedPartnerCode,DTT-TRX-PRD/erp.sql
erp,ClientUsageSummary_20250128Backup,InvoicedPartnerName,DTT-TRX-PRD/erp.sql
erp,ClientUsageSummary_20250128Backup,PartnerPayerSetTierIncluded,DTT-TRX-PRD/erp.sql
erp,ClientUsageSummary_20250128Backup,PartnerPartnerGroupBy,DTT-TRX-PRD/erp.sql
erp,ClientUsageSummary_20250128Backup,PartnerPartnerIncludeInBilling,DTT-TRX-PRD/erp.sql
erp,ClientUsageSummary_20250128Backup,ProductGroupPackageContractPartnerID,DTT-TRX-PRD/erp.sql
erp,ClientUsageSummary_TEST,PartnerTranTypeID,DTT-TRX-PRD/erp.sql
erp,ClientUsageSummary_TEST,PartnerTranTypeName,DTT-TRX-PRD/erp.sql
erp,ClientUsageSummary_TEST,PartnerTranSubTypeID,DTT-TRX-PRD/erp.sql
erp,ClientUsageSummary_TEST,PartnerTranSubTypeName,DTT-TRX-PRD/erp.sql
erp,ClientUsageSummary_TEST,DestinationPartnerCode,DTT-TRX-PRD/erp.sql
erp,ClientUsageSummary_TEST,DestinationPartnerName,DTT-TRX-PRD/erp.sql
erp,ClientUsageSummary_TEST,SourcePartnerCode,DTT-TRX-PRD/erp.sql
erp,ClientUsageSummary_TEST,SourcePartnerName,DTT-TRX-PRD/erp.sql
erp,ClientUsageSummary_TEST,PartnerCode,DTT-TRX-PRD/erp.sql
erp,ClientUsageSummary_TEST,PartnerName,DTT-TRX-PRD/erp.sql
erp,ClientUsageSummary_TEST,InvoicedPartnerCode,DTT-TRX-PRD/erp.sql
erp,ClientUsageSummary_TEST,InvoicedPartnerName,DTT-TRX-PRD/erp.sql
erp,ClientUsageSummary_TEST,PartnerPayerSetTierIncluded,DTT-TRX-PRD/erp.sql
erp,ClientUsageSummary_TEST,PartnerPartnerGroupBy,DTT-TRX-PRD/erp.sql
erp,ClientUsageSummary_TEST,PartnerPartnerIncludeInBilling,DTT-TRX-PRD/erp.sql
erp,ClientUsageSummary_TEST,ProductGroupPackageContractPartnerID,DTT-TRX-PRD/erp.sql
erp,ClientUsageSummaryAudit,PartnerTranTypeID,DTT-TRX-PRD/erp.sql
erp,ClientUsageSummaryAudit,PartnerTranTypeName,DTT-TRX-PRD/erp.sql
erp,ClientUsageSummaryAudit,PartnerTranSubTypeID,DTT-TRX-PRD/erp.sql
erp,ClientUsageSummaryAudit,PartnerTranSubTypeName,DTT-TRX-PRD/erp.sql
erp,ClientUsageSummaryAudit,DestinationPartnerCode,DTT-TRX-PRD/erp.sql
erp,ClientUsageSummaryAudit,DestinationPartnerName,DTT-TRX-PRD/erp.sql
erp,ClientUsageSummaryAudit,SourcePartnerCode,DTT-TRX-PRD/erp.sql
erp,ClientUsageSummaryAudit,SourcePartnerName,DTT-TRX-PRD/erp.sql
erp,ClientUsageSummaryAudit,PartnerCode,DTT-TRX-PRD/erp.sql
erp,ClientUsageSummaryAudit,PartnerName,DTT-TRX-PRD/erp.sql
erp,ClientUsageSummaryAudit,InvoicedPartnerCode,DTT-TRX-PRD/erp.sql
erp,ClientUsageSummaryAudit,InvoicedPartnerName,DTT-TRX-PRD/erp.sql
erp,ClientUsageSummaryAudit,PartnerPayerSetTierIncluded,DTT-TRX-PRD/erp.sql
erp,ClientUsageSummaryAudit,PartnerPartnerGroupBy,DTT-TRX-PRD/erp.sql
erp,ClientUsageSummaryAudit,PartnerPartnerIncludeInBilling,DTT-TRX-PRD/erp.sql
erp,ClientUsageSummaryAudit,ProductGroupPackageContractPartnerID,DTT-TRX-PRD/erp.sql
erp,ERPItemLookup,PartnerTranTypeID,DTT-TRX-PRD/erp.sql
erp,ERPItemLookup,PartnerTranTypeName,DTT-TRX-PRD/erp.sql
erp,ERPItemLookup,PartnerTranSubTypeID,DTT-TRX-PRD/erp.sql
erp,ERPItemLookup,PartnerTranSubTypeName,DTT-TRX-PRD/erp.sql
erp,ERPItemLookupAudit,PartnerTranTypeID,DTT-TRX-PRD/erp.sql
erp,ERPItemLookupAudit,PartnerTranTypeName,DTT-TRX-PRD/erp.sql
erp,ERPItemLookupAudit,PartnerTranSubTypeID,DTT-TRX-PRD/erp.sql
erp,ERPItemLookupAudit,PartnerTranSubTypeName,DTT-TRX-PRD/erp.sql
rpt,HSOneAprilMissingBillingClaimsCorrections,PartnerCode,DTT-TRX-PRD/rpt.sql
rpt,HSOneMayMissingBillingClaimsCorrections,PartnerCode,DTT-TRX-PRD/rpt.sql
trxBrch,ClientSubscriptionEvents,PartnerID,DTT-TRX-PRD/trxBrch.sql
trxBrch,ClientTransactions,PartnerTranTypeID,DTT-TRX-PRD/trxBrch.sql
trxBrch,ClientTransactions,PartnerTranTypeName,DTT-TRX-PRD/trxBrch.sql
trxBrch,ClientTransactions,SourcePartnerCode,DTT-TRX-PRD/trxBrch.sql
trxBrch,ClientTransactions,SourcePartnerDescription,DTT-TRX-PRD/trxBrch.sql
trxBrch,ClientTransactions,DestinationPartnerCode,DTT-TRX-PRD/trxBrch.sql
trxBrch,ClientTransactions,DestinationPartnerDescription,DTT-TRX-PRD/trxBrch.sql
trxBrch,ClientTransactions,MasterDestinationPartnerCode,DTT-TRX-PRD/trxBrch.sql
trxBrch,ClientTransactions,MasterDestinationPartnerDescription,DTT-TRX-PRD/trxBrch.sql
trxBrch,TransactionEvents,PartnerTranSubTypeID,DTT-TRX-PRD/trxBrch.sql
trxBrch,TransactionEvents,PartnerTranSubTypeName,DTT-TRX-PRD/trxBrch.sql
erpDev,ClientGLEntrySummary,PartnerTranTypeID,DTT-TRX-PRD/erpDev.sql
erpDev,ClientGLEntrySummary,PartnerTranTypeName,DTT-TRX-PRD/erpDev.sql
erpDev,ClientGLEntrySummary,PartnerTranSubTypeID,DTT-TRX-PRD/erpDev.sql
erpDev,ClientGLEntrySummary,PartnerTranSubTypeName,DTT-TRX-PRD/erpDev.sql
erpDev,ClientUsageSummary,PartnerTranTypeID,DTT-TRX-PRD/erpDev.sql
erpDev,ClientUsageSummary,PartnerTranTypeName,DTT-TRX-PRD/erpDev.sql
erpDev,ClientUsageSummary,PartnerTranSubTypeID,DTT-TRX-PRD/erpDev.sql
erpDev,ClientUsageSummary,PartnerTranSubTypeName,DTT-TRX-PRD/erpDev.sql
erpDev,ClientUsageSummary,DestinationPartnerCode,DTT-TRX-PRD/erpDev.sql
erpDev,ClientUsageSummary,DestinationPartnerName,DTT-TRX-PRD/erpDev.sql
erpDev,ClientUsageSummary,SourcePartnerCode,DTT-TRX-PRD/erpDev.sql
erpDev,ClientUsageSummary,SourcePartnerName,DTT-TRX-PRD/erpDev.sql
erpDev,ClientUsageSummary,PartnerCode,DTT-TRX-PRD/erpDev.sql
erpDev,ClientUsageSummary,PartnerName,DTT-TRX-PRD/erpDev.sql
erpDev,ClientUsageSummary,InvoicedPartnerCode,DTT-TRX-PRD/erpDev.sql
erpDev,ClientUsageSummary,InvoicedPartnerName,DTT-TRX-PRD/erpDev.sql
erpDev,ClientUsageSummary,PartnerPayerSetTierIncluded,DTT-TRX-PRD/erpDev.sql
erpDev,ClientUsageSummary,PartnerPartnerGroupBy,DTT-TRX-PRD/erpDev.sql
erpDev,ClientUsageSummary,PartnerPartnerIncludeInBilling,DTT-TRX-PRD/erpDev.sql
erpDev,ClientUsageSummary,ProductGroupPackageContractPartnerID,DTT-TRX-PRD/erpDev.sql
erpDev,ERPItemLookup,PartnerTranTypeID,DTT-TRX-PRD/erpDev.sql
erpDev,ERPItemLookup,PartnerTranTypeName,DTT-TRX-PRD/erpDev.sql
erpDev,ERPItemLookup,PartnerTranSubTypeID,DTT-TRX-PRD/erpDev.sql
erpDev,ERPItemLookup,PartnerTranSubTypeName,DTT-TRX-PRD/erpDev.sql
pnt,RTServiceAudit,PartnerID,Livesql3/pnt.sql
common,Users,PartnerID,Livesql3/Common.sql
common,SupportUser,CHSPartnerCode,Livesql3/Common.sql
common,ProductPackageFeatures,PartnerRegistrationTier,Livesql3/Common.sql
common,ProductGroupPackage,PartnerID,Livesql3/Common.sql
common,AppAlert,PartnerId,Livesql3/Common.sql
common,EHGGroupKeyToPID,PartnerID,Livesql3/Common.sql
common,EHGGroupKeyToPID_DXE,PartnerID,Livesql3/Common.sql
common,ERARegistration,SourcePartnerCode,Livesql3/Common.sql
common,ERARegistration,DestPartnerCode,Livesql3/Common.sql
common,ERARegistration,PartnerAccountNumber,Livesql3/Common.sql
common,ERARegistration,SecondaryDestPartnerCode,Livesql3/Common.sql
common,ERARegistrationAudit,SourcePartnerCode,Livesql3/Common.sql
common,ERARegistrationAudit,DestPartnerCode,Livesql3/Common.sql
common,ERARegistrationAudit,PartnerAccountNumber,Livesql3/Common.sql
common,ERARegistrationAudit,SecondaryDestPartnerCode,Livesql3/Common.sql
common,ERARoutingDetail,ClaimSourcePartner,Livesql3/Common.sql
common,ERARoutingDetail,EnrollmentPartner,Livesql3/Common.sql
common,ERARoutingDetail,EraSourcePartner,Livesql3/Common.sql
common,ERARoutingDetail,EnrollmentIncludePartner,Livesql3/Common.sql
common,ERARoutingInformation,SourcePartnerCode,Livesql3/Common.sql
common,ERARoutingInformation,DestPartnerCode,Livesql3/Common.sql
common,ERARoutingInformation,SecondaryDestPartnerCode,Livesql3/Common.sql
common,ERARoutingSummary,PartnerCode,Livesql3/Common.sql
common,ERASegmentDefault,PartnerCode,Livesql3/Common.sql
common,GroupPartnerDisplay,PartnerID,Livesql3/Common.sql
common,GroupRegTierSelection,PartnerRegistrationID,Livesql3/Common.sql
common,MessagePortalConversationAudit,NonPartnerPayerEmail,Livesql3/Common.sql
common,MessagePortalConversationModelAudit,NonPartnerPayerParticipants,Livesql3/Common.sql
common,Messages,PartnerID,Livesql3/Common.sql
common,Partner,PartnerID,Livesql3/Common.sql
common,Partner,OverridePartnerID,Livesql3/Common.sql
common,PartnerCaseConfig,PartnerCaseConfigID,Livesql3/Common.sql
common,PartnerCaseConfig,PartnerCode,Livesql3/Common.sql
common,PartnerConfigType,PartnerConfigTypeID,Livesql3/Common.sql
common,PartnerLoginConfig,PartnerID,Livesql3/Common.sql
common,PartnerRegistrationCode,PartnerID,Livesql3/Common.sql
common,PartnerSecurity,PartnerSecurityID,Livesql3/Common.sql
common,PartnerSecurityAccess,PartnerSecurityAccessID,Livesql3/Common.sql
common,PartnerSecurityAccess,PartnerUserID,Livesql3/Common.sql
common,PartnerSecurityTokenConfig,PartnerSecurityTokenConfigID,Livesql3/Common.sql
common,PartnerTranSubType,PartnerTranSubTypeID,Livesql3/Common.sql
common,PartnerTranSubType,PartnerTranTypeID,Livesql3/Common.sql
common,PartnerTranSubTypeConfigType,PartnerTranSubTypeConfigTypeID,Livesql3/Common.sql
common,PartnerTranSubTypeConfigType,PartnerTranSubTypeID,Livesql3/Common.sql
common,PartnerTranSubTypeConfigType,PartnerConfigTypeID,Livesql3/Common.sql
common,PartnerTranSubTypeConfiguration,PartnerTranSubTypeConfigurationID,Livesql3/Common.sql
common,PartnerTranSubTypeConfiguration,PartnerCode,Livesql3/Common.sql
common,PartnerTranSubTypeConfiguration,PartnerTranSubTypeID,Livesql3/Common.sql
common,PartnerTranType,PartnerTranTypeID,Livesql3/Common.sql
common,ProductCombination,PartnerID,Livesql3/Common.sql
common,ProductFeaturePromoOffer,PartnerID,Livesql3/Common.sql
common,ProductGroupPackage10062024_DB2225,PartnerID,Livesql3/Common.sql
common,ProductPartnerPackage,PartnerPackageID,Livesql3/Common.sql
common,ProductPartnerPackage,PartnerID,Livesql3/Common.sql
common,ProductPartnerRegistration,PartnerRegistrationID,Livesql3/Common.sql
common,ProductPartnerRegistration,PartnerID,Livesql3/Common.sql
common,ProductPartnerRegistrationFeature,PartnerRegistrationFeatureID,Livesql3/Common.sql
common,ProductPartnerRegistrationFeature,PartnerRegistrationID,Livesql3/Common.sql
common,ProviderDirectoryLocation,LowestNetwork,Livesql3/Common.sql
common,ProviderDirectoryLocation,LowestNetworkEffective,Livesql3/Common.sql
common,ProviderDirectoryLocationCompare,LowestNetwork,Livesql3/Common.sql
common,ProviderDirectoryLocationCompare,LowestNetworkEffective,Livesql3/Common.sql
common,ProviderPayerEnrollment,DestPartnerCode,Livesql3/Common.sql
common,ProviderPayerEnrollmentAudit,DestPartnerCode,Livesql3/Common.sql
common,SalesCampaign,PartnerID,Livesql3/Common.sql
common,SupportUserAudit,CHSPartnerCode,Livesql3/Common.sql
common,UserLoginAudit,PartnerID,Livesql3/Common.sql
common,UsersAudit,PartnerID,Livesql3/Common.sql
dci,RTServiceAudit,PartnerID,Livesql3/dci.sql
dci,Claim,SourcePartnerCode,Livesql3/dci.sql
dci,Claim,DestPartnerCode,Livesql3/dci.sql
dci,PartnerBillingActivity,PartnerBillingActivityID,Livesql3/dci.sql
dci,PartnerBillingActivity,PartnerCode,Livesql3/dci.sql
dci,PartnerBillingActivity,PartnerStatementItemID,Livesql3/dci.sql
dci,ClaimFileUpload,PartnerID,Livesql3/dci.sql
dci,ClaimFileUploadAudit,PartnerID,Livesql3/dci.sql
dci,ClaimPayment,SourcePartnerCode,Livesql3/dci.sql
dci,ClaimPayment,OrigSourcePartnerCode,Livesql3/dci.sql
dci,ClaimPaymentReport,SourcePartnerCode,Livesql3/dci.sql
dci,ClaimStatusUpgrade,PartnerCode,Livesql3/dci.sql
dci,PartnerBillingActivity_old,PartnerBillingActivityID,Livesql3/dci.sql
dci,PartnerBillingActivity_old,PartnerCode,Livesql3/dci.sql
dci,PartnerBillingActivity_old,PartnerStatementItemID,Livesql3/dci.sql
dci,PartnerERAAdjustment,PartnerERAAdjustmentID,Livesql3/dci.sql
dci,PartnerERAAdjustment,PartnerCode,Livesql3/dci.sql
dci,PartnerStatusCategory,PartnerCode,Livesql3/dci.sql
cred,PayerConfig,NonPartnerPayer,Livesql3/cred.sql
cred,PayerCredDashboardConfig,EnableNetworkSummary,Livesql3/cred.sql
cred,PayerCredDashboardConfig,EnableNetworkAppSummary,Livesql3/cred.sql
cred,PayerForm,HideOnPartnerView,Livesql3/cred.sql
cred,ProviderDetail,GroupNetworkRoleCode,Livesql3/cred.sql
cred,ProviderSiteDetail,ProviderGroupNetworkRoleId,Livesql3/cred.sql
chs,PartnerPartnerCode,PartnerCode,Livesql3/chs.sql
chs,PartnerPartnerCode,PartnerPartnerCode,Livesql3/chs.sql
chs,PartnerPartnerCode,BillingPartnerCode,Livesql3/chs.sql
chs,PartnerPartnerCode,GPPartnerNumber,Livesql3/chs.sql
chs,PartnerPartnerCode,GPPartnerAddressID,Livesql3/chs.sql
chs,PartnerCode,PartnerCode,Livesql3/chs.sql
chs,PartnerCode,SecondaryDestPartnerCode,Livesql3/chs.sql
chs,PartnerStatementItem,PartnerStatementItemID,Livesql3/chs.sql
chs,PartnerStatementItem,PartnerCode,Livesql3/chs.sql
chs,PartnerStatementItem,RMSrcAmtPartner,Livesql3/chs.sql
chs,PartnerStatementItem,InvoicedPartnerCode,Livesql3/chs.sql
chs,PartnerStatementItem,PartnerPriceID,Livesql3/chs.sql
chs,PartnerBillingActivity,PartnerBillingActivityID,Livesql3/chs.sql
chs,PartnerBillingActivity,PartnerCode,Livesql3/chs.sql
chs,PartnerBillingActivity,PartnerStatementItemID,Livesql3/chs.sql
chs,MetaFile,PartnerCode,Livesql3/chs.sql
chs,MetaFile,PartnerAccountNumber,Livesql3/chs.sql
chs,MetaClaim,SourcePartnerCode,Livesql3/chs.sql
chs,MetaClaim,DestPartnerCode,Livesql3/chs.sql
chs,MetaClaim,PartnerAccountNumber,Livesql3/chs.sql
chs,MetaClaim,PartnerAttachmentID,Livesql3/chs.sql
chs,ClaimStatusTracing,PartnerCode,Livesql3/chs.sql
chs,ClaimStatusTracing,DestPartnerCode,Livesql3/chs.sql
chs,ClaimStatusTracing,PartnerBilledDate,Livesql3/chs.sql
chs,ClaimStatusTracing_Facility,PartnerCode,Livesql3/chs.sql
chs,ClaimDigest,PartnerCode,Livesql3/chs.sql
chs,ClaimEraDigest,PartnerCode,Livesql3/chs.sql
chs,ClaimPayment,SourcePartnerCode,Livesql3/chs.sql
chs,ClaimPayment,OrigSourcePartnerCode,Livesql3/chs.sql
chs,ClaimPaymentDigest,PartnerCode,Livesql3/chs.sql
chs,ClaimPaymentRegistration,SourcePartnerCode,Livesql3/chs.sql
chs,ClaimPaymentRegistration,DestPartnerCode,Livesql3/chs.sql
chs,ClaimPaymentRegistration,PartnerAccountNumber,Livesql3/chs.sql
chs,ClaimPaymentRegistration,SecondaryDestPartnerCode,Livesql3/chs.sql
chs,ClaimPaymentRegistrationHistory,SourcePartnerCode,Livesql3/chs.sql
chs,ClaimPaymentRegistrationHistory,DestPartnerCode,Livesql3/chs.sql
chs,ClaimPaymentRegistrationHistory,PartnerAccountNumber,Livesql3/chs.sql
chs,ClaimPaymentRegistrationHistory,SecondaryDestPartnerCode,Livesql3/chs.sql
chs,ClaimStatusTracingAudit,PartnerCode,Livesql3/chs.sql
chs,ClaimStatusTracingAudit,DestPartnerCode,Livesql3/chs.sql
chs,ClaimStatusTracingAudit,PartnerBilledDate,Livesql3/chs.sql
chs,DBA,PartnerStatementItemAdjustmentID,Livesql3/chs.sql
chs,DBA,PartnerCode,Livesql3/chs.sql
chs,DBA,PartnerTranSubTypeID,Livesql3/chs.sql
chs,DBA,RMSrcAmtPartner,Livesql3/chs.sql
chs,DBA,PartnerPriceID,Livesql3/chs.sql
chs,DBA,PartnerAdjustmentProcessTypeID,Livesql3/chs.sql
chs,FileDocumentMap,PartnerCode,Livesql3/chs.sql
chs,MetaAck,SourcePartnerCode,Livesql3/chs.sql
chs,MetaAck,DestPartnerCode,Livesql3/chs.sql
chs,MetaAppAdvice,SourcePartnerCode,Livesql3/chs.sql
chs,MetaAppAdvice,DestPartnerCode,Livesql3/chs.sql
chs,MetaAttachment,SourcePartnerCode,Livesql3/chs.sql
chs,MetaAttachment,DestPartnerCode,Livesql3/chs.sql
chs,MetaBankPayment,SourcePartnerCode,Livesql3/chs.sql
chs,MetaBankPayment,DestPartnerCode,Livesql3/chs.sql
chs,MetaClaimPayment,SourcePartnerCode,Livesql3/chs.sql
chs,MetaClaimPayment,DestPartnerCode,Livesql3/chs.sql
chs,MetaClaimPayment,PartnerAccountNumber,Livesql3/chs.sql
chs,MetaClaimPayment,SecondaryDestPartnerCode,Livesql3/chs.sql
chs,MetaClaimStatus,SourcePartnerCode,Livesql3/chs.sql
chs,MetaClaimStatus,DestPartnerCode,Livesql3/chs.sql
chs,MetaClaimStatus,PartnerAccountNumber,Livesql3/chs.sql
chs,MetaClaimStatusRequest,SourcePartnerCode,Livesql3/chs.sql
chs,MetaClaimStatusRequest,DestPartnerCode,Livesql3/chs.sql
chs,MetaEligRequest,SourcePartnerCode,Livesql3/chs.sql
chs,MetaEligRequest,DestPartnerCode,Livesql3/chs.sql
chs,MetaEligRequest,PartnerAccountNumber,Livesql3/chs.sql
chs,MetaEligResponse,SourcePartnerCode,Livesql3/chs.sql
chs,MetaEligResponse,DestPartnerCode,Livesql3/chs.sql
chs,MetaEligResponse,PartnerAccountNumber,Livesql3/chs.sql
chs,MetaEnrollment,SourcePartnerCode,Livesql3/chs.sql
chs,MetaEnrollment,DestPartnerCode,Livesql3/chs.sql
chs,MetaFileAudit,PartnerCode,Livesql3/chs.sql
chs,MetaFileAudit,PartnerAccountNumber,Livesql3/chs.sql
chs,MetaImplAck,SourcePartnerCode,Livesql3/chs.sql
chs,MetaImplAck,DestPartnerCode,Livesql3/chs.sql
chs,MetaImplAck,PartnerAccountNumber,Livesql3/chs.sql
chs,MetaOfficeResponse,SourcePartnerCode,Livesql3/chs.sql
chs,MetaOfficeResponse,DestPartnerCode,Livesql3/chs.sql
chs,MetaOfficeResponse,PartnerAccountNumber,Livesql3/chs.sql
chs,MetaOfficeResponse,SecondaryDestPartnerCode,Livesql3/chs.sql
chs,MetaTransportAudit,SourcePartnerCode,Livesql3/chs.sql
chs,MetaTransportAudit,DestPartnerCode,Livesql3/chs.sql
chs,MetaTransportAudit,PartnerAccountNumber,Livesql3/chs.sql
chs,NonCompliantFile,PartnerCode,Livesql3/chs.sql
chs,PartnerAdjustmentProcessType,PartnerAdjustmentProcessTypeID,Livesql3/chs.sql
chs,PartnerBankAccount,PartnerBankAccountID,Livesql3/chs.sql
chs,PartnerBankAccount,DestPartnerCode,Livesql3/chs.sql
chs,PartnerBankAccount,PartnerSiteID,Livesql3/chs.sql
chs,PartnerBillingActivity_old,PartnerBillingActivityID,Livesql3/chs.sql
chs,PartnerBillingActivity_old,PartnerCode,Livesql3/chs.sql
chs,PartnerBillingActivity_old,PartnerStatementItemID,Livesql3/chs.sql
chs,PartnerClaimResubmit,DestPartnerCode,Livesql3/chs.sql
chs,PartnerConfigType,PartnerConfigTypeID,Livesql3/chs.sql
chs,PartnerConfigType,InPartnerConfigTypeSelection,Livesql3/chs.sql
chs,PartnerDestinationResponseConfig,PartnerDestinationResponseConfigID,Livesql3/chs.sql
chs,PartnerDestinationResponseConfig,PartnerCode,Livesql3/chs.sql
chs,PartnerDowntime,PartnerDowntimeID,Livesql3/chs.sql
chs,PartnerDowntime,PartnerCode,Livesql3/chs.sql
chs,PartnerLineCtrlConfig,PartnerLineCtrlConfigID,Livesql3/chs.sql
chs,PartnerLineCtrlConfig,PartnerCode,Livesql3/chs.sql
chs,PartnerLineCtrlConfig,PartnerAccountNumber,Livesql3/chs.sql
chs,PartnerMessageRoutingExclude,SourcePartnerCode,Livesql3/chs.sql
chs,PartnerMessageRoutingExclude,DestPartnerCode,Livesql3/chs.sql
chs,PartnerMessageRoutingExcludeAudit,PartnerMessageRoutingExcludeAuditID,Livesql3/chs.sql
chs,PartnerMessageRoutingExcludeAudit,SourcePartnerCode,Livesql3/chs.sql
chs,PartnerMessageRoutingExcludeAudit,DestPartnerCode,Livesql3/chs.sql
chs,PartnerMessageRoutingExcludeInfo,SourcePartnerCode,Livesql3/chs.sql
chs,PartnerPartnerCodeAudit,PartnerPartnerCodeAuditID,Livesql3/chs.sql
chs,PartnerPartnerCodeAudit,PartnerCode,Livesql3/chs.sql
chs,PartnerPartnerCodeAudit,PartnerPartnerCode,Livesql3/chs.sql
chs,PartnerPartnerCodeAudit,BillingPartnerCode,Livesql3/chs.sql
chs,PartnerPartnerCodeAudit,GPPartnerNumber,Livesql3/chs.sql
chs,PartnerPartnerCodeAudit,GPPartnerAddressID,Livesql3/chs.sql
chs,PartnerPartnerCodeBillingConfig,PartnerCode,Livesql3/chs.sql
chs,PartnerPartnerCodeBillingConfig,PartnerPartnerCode,Livesql3/chs.sql
chs,PartnerPartnerCodeBillingConfig,BillingPartnerCode,Livesql3/chs.sql
chs,PartnerPartnerCodeBillingConfig,GPPartnerNumber,Livesql3/chs.sql
chs,PartnerPartnerCodeBillingConfig,GPPartnerAddressID,Livesql3/chs.sql
chs,PartnerPayerDestUpgradeConfig,SourcePartnerCode,Livesql3/chs.sql
chs,PartnerPayerDestUpgradeConfig,DestPartnerCode,Livesql3/chs.sql
chs,PartnerPayerMatchUpgrade,PartnerCode,Livesql3/chs.sql
chs,PartnerPayerSet,PartnerPayerSetID,Livesql3/chs.sql
chs,PartnerPayerSet,PartnerCode,Livesql3/chs.sql
chs,PartnerPayerSetAudit,PartnerPayerSetAuditID,Livesql3/chs.sql
chs,PartnerPayerSetAudit,PartnerPayerSetID,Livesql3/chs.sql
chs,PartnerPayerSetAudit,PartnerCode,Livesql3/chs.sql
chs,PartnerPrice,PartnerPriceID,Livesql3/chs.sql
chs,PartnerPrice,PartnerPayerSetID,Livesql3/chs.sql
chs,PartnerPriceAudit,PartnerPriceAuditID,Livesql3/chs.sql
chs,PartnerPriceAudit,PartnerPriceID,Livesql3/chs.sql
chs,PartnerPriceAudit,PartnerPayerSetID,Livesql3/chs.sql
chs,PartnerStatementItemAdjustment,PartnerStatementItemAdjustmentID,Livesql3/chs.sql
chs,PartnerStatementItemAdjustment,PartnerCode,Livesql3/chs.sql
chs,PartnerStatementItemAdjustment,PartnerTranSubTypeID,Livesql3/chs.sql
chs,PartnerStatementItemAdjustment,RMSrcAmtPartner,Livesql3/chs.sql
chs,PartnerStatementItemAdjustment,PartnerPriceID,Livesql3/chs.sql
chs,PartnerStatementItemAdjustment,PartnerAdjustmentProcessTypeID,Livesql3/chs.sql
chs,PartnerStatementItemAdjustmentAudit,PartnerStatementItemAdjustmentAuditID,Livesql3/chs.sql
chs,PartnerStatementItemAdjustmentAudit,PartnerStatementItemAdjustmentID,Livesql3/chs.sql
chs,PartnerStatementItemAdjustmentAudit,PartnerCode,Livesql3/chs.sql
chs,PartnerStatementItemAdjustmentAudit,PartnerTranSubTypeID,Livesql3/chs.sql
chs,PartnerStatementItemAdjustmentAudit,RMSrcAmtPartner,Livesql3/chs.sql
chs,PartnerStatementItemAdjustmentAudit,PartnerPriceID,Livesql3/chs.sql
chs,PartnerStatementItemAdjustmentAudit,PartnerAdjustmentProcessTypeID,Livesql3/chs.sql
chs,PartnerStatementItemAudit,PartnerStatementItemAuditID,Livesql3/chs.sql
chs,PartnerStatementItemAudit,PartnerStatementItemID,Livesql3/chs.sql
chs,PartnerStatementItemAudit,PartnerCode,Livesql3/chs.sql
chs,PartnerStatementItemAudit,RMSrcAmtPartner,Livesql3/chs.sql
chs,PartnerStatementItemAudit,InvoicedPartnerCode,Livesql3/chs.sql
chs,PartnerStatementItemAudit,PartnerPriceID,Livesql3/chs.sql
chs,PartnerStatementItemSummary,PartnerStatementItemSummaryID,Livesql3/chs.sql
chs,PartnerStatementItemSummary,PartnerCode,Livesql3/chs.sql
chs,PartnerSubAccount,PartnerCode,Livesql3/chs.sql
chs,PartnerSubAccount,PartnerAccountNumber,Livesql3/chs.sql
chs,PartnerTranSubType,PartnerTranSubTypeID,Livesql3/chs.sql
chs,PartnerTranSubType,PartnerTranTypeID,Livesql3/chs.sql
chs,PartnerTranSubTypeConfigType,PartnerTranSubTypeConfigTypeID,Livesql3/chs.sql
chs,PartnerTranSubTypeConfigType,PartnerTranSubTypeID,Livesql3/chs.sql
chs,PartnerTranSubTypeConfigType,PartnerConfigTypeID,Livesql3/chs.sql
chs,PartnerTranSubTypeConfiguration,PartnerTranSubTypeConfigurationID,Livesql3/chs.sql
chs,PartnerTranSubTypeConfiguration,PartnerCode,Livesql3/chs.sql
chs,PartnerTranSubTypeConfiguration,PartnerTranSubTypeID,Livesql3/chs.sql
chs,PartnerTranSubTypeConfiguration,InboundPartnerTranSubTypeConfigTypeID,Livesql3/chs.sql
chs,PartnerTranSubTypeConfiguration,OutboundPartnerTranSubTypeConfigTypeID,Livesql3/chs.sql
chs,PartnerTranSubTypePayerNameTranslation,PartnerTranSubTypePayerNameTranslationID,Livesql3/chs.sql
chs,PartnerTranSubTypePayerNameTranslation,PartnerCode,Livesql3/chs.sql
chs,PartnerTranSubTypePayerNameTranslation,PartnerTranSubTypeID,Livesql3/chs.sql
chs,PartnerTranSubTypePayerNameTranslationAudit,PartnerTranSubTypePayerNameTranslationAuditID,Livesql3/chs.sql
chs,PartnerTranSubTypePayerNameTranslationAudit,PartnerTranSubTypePayerNameTranslationID,Livesql3/chs.sql
chs,PartnerTranSubTypePayerNameTranslationAudit,PartnerCode,Livesql3/chs.sql
chs,PartnerTranSubTypePayerNameTranslationAudit,PartnerTranSubTypeID,Livesql3/chs.sql
chs,PartnerTranSubTypeStatus,PartnerTranSubTypeStatusID,Livesql3/chs.sql
chs,PartnerTranSubTypeStatus,PartnerCode,Livesql3/chs.sql
chs,PartnerTranSubTypeStatus,PartnerTranSubTypeID,Livesql3/chs.sql
chs,PartnerTranType,PartnerTranTypeID,Livesql3/chs.sql
chs,PartnerWidgetDeliveryOps,DestPartnerCode,Livesql3/chs.sql
chs,PartnerWidgetDeliveryRegistration,SourcePartnerCode,Livesql3/chs.sql
chs,PartnerWidgetDeliveryRegistration,DestPartnerCode,Livesql3/chs.sql
chs,PayerClaimPrice,PartnerCode,Livesql3/chs.sql
chs,PayerClaimPrice,DXCtoPartner,Livesql3/chs.sql
chs,PayerClaimPriceAudit,PartnerCode,Livesql3/chs.sql
chs,PayerClaimPriceAudit,DXCtoPartner,Livesql3/chs.sql
chs,PayerPartnerCode,DestPartnerCode,Livesql3/chs.sql
chs,PayerPartnerCode,AlternateDestPartnerCode,Livesql3/chs.sql
chs,PayerPartnerCode,AttachmentPrintDestPartnerCode,Livesql3/chs.sql
chs,PayerPartnerCodeAudit,PayerPartnerCodeAuditID,Livesql3/chs.sql
chs,PayerPartnerCodeAudit,DestPartnerCode,Livesql3/chs.sql
chs,PayerPartnerCodeAudit,AlternateDestPartnerCode,Livesql3/chs.sql
chs,PayerPartnerCodeAudit,AttachmentPrintDestPartnerCode,Livesql3/chs.sql
chs,ProcessInfo,PartnerCode,Livesql3/chs.sql
chs,ProviderPartnerMap,PartnerCode,Livesql3/chs.sql
chs,RuleConfig,PartnerCode,Livesql3/chs.sql
chs,SourceDestConfig,SourcePartnerCode,Livesql3/chs.sql
chs,SourceDestConfig,DestPartnerCode,Livesql3/chs.sql
chs,TxIDGenerator,PartnerCode,Livesql3/chs.sql
pfs,PartnerCreditPlan,PartnerCreditPlanID,Livesql3/pfs.sql
pfs,Settlement,PartnerDiscountAmount,Livesql3/pfs.sql
pfs,SettlementHistory,PartnerDiscountAmount,Livesql3/pfs.sql
reports,DssNetRev_Current,PartnerCode,Livesql3/reportst.sql
reports,DssNetRev_2010,PartnerCode,Livesql3/reportst.sql
reports,residual,MR Fee Opt Blue Network Fee,Livesql3/reportst.sql
reports,residual,Debit Network Fees,Livesql3/reportst.sql
reports,residual,Opt Blue Network Fee,Livesql3/reportst.sql
reports,Billing_PartnerStatementItem,PartnerStatementItemID,Livesql3/reportst.sql
reports,Billing_PartnerStatementItem,PartnerCode,Livesql3/reportst.sql
reports,Billing_PartnerStatementItem,RMSrcAmtPartner,Livesql3/reportst.sql
reports,Billing_PartnerStatementItem,InvoicedPartnerCode,Livesql3/reportst.sql
reports,Billing_PartnerStatementItem,PartnerPriceID,Livesql3/reportst.sql
reports,PayerPartnerTrans,PayerPartnerTransID,Livesql3/reportst.sql
reports,PayerPartnerTrans,SourcePartnerCode,Livesql3/reportst.sql
reports,PayerPartnerTrans,DestPartnerCode,Livesql3/reportst.sql
reports,PayerPartnerTrans,MasterDestPartnerCode,Livesql3/reportst.sql
reports,PayerPartnerTrans,PartnerTranSubType,Livesql3/reportst.sql
reports,PartnerBillingGPStage2,PartnerBillingGPStageID,Livesql3/reportst.sql
reports,PartnerBillingGPStage2,InvoicedPartnerCode,Livesql3/reportst.sql
reports,PartnerBillingGPStage2,PartnerTranSubTypeID,Livesql3/reportst.sql
reports,DssStagingClaimPricing,PartnerCode,Livesql3/reportst.sql
reports,DssStagingClaimPricing,DXCtoPartner,Livesql3/reportst.sql
reports,PartnerBillingTranTypeToMasterItem,PartnerTranTypeID,Livesql3/reportst.sql
reports,alert_MultipleBuildingFiles,PartnerCode,Livesql3/reportst.sql
reports,BancTecClaimRejection,PartnerCode,Livesql3/reportst.sql
reports,Billing_GPManualBillItems,PartnerStatementItemID,Livesql3/reportst.sql
reports,Billing_GPManualBillItems,PartnerCode,Livesql3/reportst.sql
reports,Billing_NEAStatementItems,partnercode,Livesql3/reportst.sql
reports,Billing_NEAStatementItems,partnerstatementloadeddate,Livesql3/reportst.sql
reports,Billing_PartnerPartnerCodeDualProcessing,PartnerCode,Livesql3/reportst.sql
reports,Billing_PartnerPartnerCodeDualProcessing,AlternatePartnerPartnercode,Livesql3/reportst.sql
reports,Billing_PartnerStatementItemCredits,PartnerStatementItemID,Livesql3/reportst.sql
reports,Billing_PartnerStatementItemCredits,PartnerCode,Livesql3/reportst.sql
reports,Billing_PartnerStatementItemCredits,RMSrcAmtPartner,Livesql3/reportst.sql
reports,Billing_PartnerTranSubTypePayerNameTranslation,PartnerCode,Livesql3/reportst.sql
reports,Billing_PartnerTranSubTypePayerNameTranslation,PartnerTranSubTypeID,Livesql3/reportst.sql
reports,Billing_PayerPartnerTrans,PayerPartnerTransID,Livesql3/reportst.sql
reports,Billing_PayerPartnerTrans,SourcePartnerCode,Livesql3/reportst.sql
reports,Billing_PayerPartnerTrans,DestPartnerCode,Livesql3/reportst.sql
reports,Billing_PayerPartnerTrans,MasterDestPartnerCode,Livesql3/reportst.sql
reports,Billing_PayerPartnerTrans,PartnerTranSubType,Livesql3/reportst.sql
reports,bkwrpt,partnercode,Livesql3/reportst.sql
reports,bkwrpt,destpartnercode,Livesql3/reportst.sql
reports,bkwtest,partnercode,Livesql3/reportst.sql
reports,bkwtest,destpartnercode,Livesql3/reportst.sql
reports,CSRequest_Practice,PartnerCode,Livesql3/reportst.sql
reports,DASplay,SourcePartnerCode,Livesql3/reportst.sql
reports,DataBillTemp,PartnerCode,Livesql3/reportst.sql
reports,DecemberPartnerMetaClaims,PartnerCode,Livesql3/reportst.sql
reports,DecemberPartnerMetaClaims,InvoicedPartnerCode,Livesql3/reportst.sql
reports,DecemberPartnerMetaClaims,DestinationPartnerCode,Livesql3/reportst.sql
reports,DecemberPartnerMetaClaims,PartnerTranSubTypeID,Livesql3/reportst.sql
reports,DssChsClaimStatusTrack,destpartnercode,Livesql3/reportst.sql
reports,DssChsFileSummary,PartnerCode,Livesql3/reportst.sql
reports,DssChsRespProfile,partnercode,Livesql3/reportst.sql
reports,DssChsRespProfile,sourcepartnercode,Livesql3/reportst.sql
reports,DssChsRespProfileBkup,partnercode,Livesql3/reportst.sql
reports,DssChsRespProfileBkup,sourcepartnercode,Livesql3/reportst.sql
reports,DssDimCHSPartnerCode,PartnerCode,Livesql3/reportst.sql
reports,DssFDResidualReport,DebitNetworkFees,Livesql3/reportst.sql
reports,DssFileIO,PartnerCode,Livesql3/reportst.sql
reports,DssFirstDataHeader,Debit_Network_Fee_Adj_Buypass,Livesql3/reportst.sql
reports,DssFirstDataResidual,Debit_Network_Fees,Livesql3/reportst.sql
reports,DssStagingClaimPricingAudit,PartnerCode,Livesql3/reportst.sql
reports,DssStagingClaimPricingAudit,DXCtoPartner,Livesql3/reportst.sql
reports,DSSWebPortal,partnerid,Livesql3/reportst.sql
reports,DSSWebPortal,UIPartnerID,Livesql3/reportst.sql
reports,dsswebportal_20101202,partnerid,Livesql3/reportst.sql
reports,dsswebportal_20101202,UIPartnerID,Livesql3/reportst.sql
reports,DssYearNetRev,PartnerCode,Livesql3/reportst.sql
reports,ERAexceptions,PartnerCode,Livesql3/reportst.sql
reports,GPTransactionStage,RMSrcAmtPartner,Livesql3/reportst.sql
reports,GPTransactionStage_Test,RMSrcAmtPartner,Livesql3/reportst.sql
reports,GPTransactionStage_Test_New,RMSrcAmtPartner,Livesql3/reportst.sql
reports,GPTransactionStage_Test_Old,RMSrcAmtPartner,Livesql3/reportst.sql
reports,LibertyMatchBO,SourcePartnerCode,Livesql3/reportst.sql
reports,load_databill,PartnerCode,Livesql3/reportst.sql
reports,Match_Anthem_BO,SourcePartnerCode,Livesql3/reportst.sql
reports,Match_Anthem_BO_1,SourcePartnerCode,Livesql3/reportst.sql
reports,Matching_Anthem,SourcePartnerCode,Livesql3/reportst.sql
reports,Matching_Liberty,SourcePartnerCode,Livesql3/reportst.sql
reports,NetSuiteCustomers,Partner,Livesql3/reportst.sql
reports,NetSuiteCustomers_Prod,Partner,Livesql3/reportst.sql
reports,NetSuiteCustomers-diff,Partner,Livesql3/reportst.sql
reports,PartnerBillingGPStage1,PartnerBillingGPStageID,Livesql3/reportst.sql
reports,PartnerBillingGPStage1,PartnerCode,Livesql3/reportst.sql
reports,PartnerBillingGPStage1,InvoicedPartnerCode,Livesql3/reportst.sql
reports,PartnerBillingGPStage1,DestinationPartnerCode,Livesql3/reportst.sql
reports,PartnerBillingGPStage1,PartnerTranSubTypeID,Livesql3/reportst.sql
reports,PartnerBillingGPStage3,PartnerBillingGPStageID,Livesql3/reportst.sql
reports,PartnerBillingGPStage3,InvoicedPartnerCode,Livesql3/reportst.sql
reports,PartnerBillingGPStage3,PartnerTranSubTypeID,Livesql3/reportst.sql
reports,PartnerBillingStaticItemNumber,PartnerBillingStaticItemNumberID,Livesql3/reportst.sql
reports,PartnerBillingStaticItemNumber,PartnerTranTypeID,Livesql3/reportst.sql
reports,PartnerBillingStaticItemNumber,PartnerTranSubTypeID,Livesql3/reportst.sql
reports,PartnerBillingTranSubTypeToItemNumber,PartnerTranSubTypeID,Livesql3/reportst.sql
reports,PartnerBillingTranTypeToItemNumber,PartnerTranTypeID,Livesql3/reportst.sql
reports,PartnerStatementItemAdjustment08162022,PartnerStatementItemAdjustmentID,Livesql3/reportst.sql
reports,PartnerStatementItemAdjustment08162022,PartnerCode,Livesql3/reportst.sql
reports,PartnerStatementItemAdjustment08162022,PartnerTranSubTypeID,Livesql3/reportst.sql
reports,PartnerStatementItemAdjustment08162022,RMSrcAmtPartner,Livesql3/reportst.sql
reports,PartnerStatementItemAdjustment08162022,PartnerPriceID,Livesql3/reportst.sql
reports,PartnerStatementItemAdjustment08162022,PartnerAdjustmentProcessTypeID,Livesql3/reportst.sql
reports,PayerBillingGPStage,DestinationPartner,Livesql3/reportst.sql
reports,PayerBillingGPStage,SourcePartnerCode,Livesql3/reportst.sql
reports,PayerBillingGPStage1,DestinationPartner,Livesql3/reportst.sql
reports,PayerBillingGPStage1,SourcePartnerCode,Livesql3/reportst.sql
reports,PayerBillingGPStage2,DestinationPartner,Livesql3/reportst.sql
reports,PayerBillingGPStage2,SourcePartnerCode,Livesql3/reportst.sql
reports,PayerBillingGPStageArchive,DestinationPartner,Livesql3/reportst.sql
reports,PayerBillingGPStageArchive,SourcePartnerCode,Livesql3/reportst.sql
reports,PayerBillingRoutingHistory,destpartnercode,Livesql3/reportst.sql
reports,PayerCredPsv,DestinationPartner,Livesql3/reportst.sql
reports,PayerCredPsv,SourcePartnerCode,Livesql3/reportst.sql
reports,PayerCredPsvStage,DestinationPartner,Livesql3/reportst.sql
reports,PayerCredPsvStage,SourcePartnerCode,Livesql3/reportst.sql
reports,PayerPartnerTrans_Temp,PayerPartnerTransID,Livesql3/reportst.sql
reports,PayerPartnerTrans_Temp,SourcePartnerCode,Livesql3/reportst.sql
reports,PayerPartnerTrans_Temp,DestPartnerCode,Livesql3/reportst.sql
reports,PayerPartnerTrans_Temp,MasterDestPartnerCode,Livesql3/reportst.sql
reports,PayerPartnerTrans_Temp,PartnerTranSubType,Livesql3/reportst.sql
reports,PayerProviderTrans,PartnerTranTypeID,Livesql3/reportst.sql
reports,PayerProviderTrans,SourcePartnerCode,Livesql3/reportst.sql
reports,PayerProviderTrans,DestPartnerCode,Livesql3/reportst.sql
reports,PayerTrans,PartnerCode,Livesql3/reportst.sql
reports,ProviderPayerTrans,SourcePartnerCode,Livesql3/reportst.sql
reports,ProviderPayerTrans,UIPartnerID,Livesql3/reportst.sql
reports,Residual_backup_012115,MR Fee Opt Blue Network Fee,Livesql3/reportst.sql
reports,Residual_backup_012115,Debit Network Fees,Livesql3/reportst.sql
reports,Residual_backup_012115,Opt Blue Network Fee,Livesql3/reportst.sql
reports,Residual_backup_022315,MR Fee Opt Blue Network Fee,Livesql3/reportst.sql
reports,Residual_backup_022315,Debit Network Fees,Livesql3/reportst.sql
reports,Residual_backup_022315,Opt Blue Network Fee,Livesql3/reportst.sql
reports,Residual_New,MR Fee Opt Blue Network Fee,Livesql3/reportst.sql
reports,Residual_New,Debit Network Fees,Livesql3/reportst.sql
reports,Residual_New,Opt Blue Network Fee,Livesql3/reportst.sql
reports,Residual_New_10212015,MR Fee Opt Blue Network Fee,Livesql3/reportst.sql
reports,Residual_New_10212015,Debit Network Fees,Livesql3/reportst.sql
reports,Residual_New_10212015,Opt Blue Network Fee,Livesql3/reportst.sql
reports,Residual_New_Audit,MR Fee Opt Blue Network Fee,Livesql3/reportst.sql
reports,Residual_New_Audit,Debit Network Fees,Livesql3/reportst.sql
reports,Residual_New_Audit,Opt Blue Network Fee,Livesql3/reportst.sql
reports,Residual_New_Audit02172017,MR Fee Opt Blue Network Fee,Livesql3/reportst.sql
reports,Residual_New_Audit02172017,Debit Network Fees,Livesql3/reportst.sql
reports,Residual_New_Audit02172017,Opt Blue Network Fee,Livesql3/reportst.sql
reports,Residual_New_old,MR Fee Opt Blue Network Fee,Livesql3/reportst.sql
reports,Residual_New_old,Debit Network Fees,Livesql3/reportst.sql
reports,Residual_New_old,Opt Blue Network Fee,Livesql3/reportst.sql
reports,Residual_New06202016_newcolumn ,MR Fee Opt Blue Network Fee,Livesql3/reportst.sql
reports,Residual_New06202016_newcolumn ,Debit Network Fees,Livesql3/reportst.sql
reports,Residual_New06202016_newcolumn ,Opt Blue Network Fee,Livesql3/reportst.sql
reports,residual_old,MR Fee Opt Blue Network Fee,Livesql3/reportst.sql
reports,residual_old,Debit Network Fees,Livesql3/reportst.sql
reports,residual_old,Opt Blue Network Fee,Livesql3/reportst.sql
reports,RIITemp,TradingPartner,Livesql3/reportst.sql
reports,routeERAexceptions,PartnerCode,Livesql3/reportst.sql
reports,rpt_AnthemWebPortal,PartnerID,Livesql3/reportst.sql
reports,rpt_DSSStagingClaimPricing,PartnerCode,Livesql3/reportst.sql
reports,rpt_DSSStagingClaimPricing,DXCtoPartner,Livesql3/reportst.sql
reports,rpt_MismatchDestinationPartner,PricingPartnerCode,Livesql3/reportst.sql
reports,rpt_MismatchDestinationPartner,PartnerCode,Livesql3/reportst.sql
reports,rpt_MismatchDestinationPartner,PartnerPartnerCode,Livesql3/reportst.sql
reports,rpt_MissingPartnerPartnerCode,PartnerCode,Livesql3/reportst.sql
reports,rpt_MonthlyBilling_Incoming,Partner,Livesql3/reportst.sql
reports,rpt_MonthlyBilling_IncomingPayerBreakdown,Partner,Livesql3/reportst.sql
reports,rpt_MonthlyBilling_MetRTBreakdown,DCPartner,Livesql3/reportst.sql
reports,rpt_MonthlyBilling_Outgoing,Partner,Livesql3/reportst.sql
reports,rpt_MonthlyBilling_OutgoingPCSum,Partner,Livesql3/reportst.sql
reports,rpt_MonthlyBilling_RTTransactions,Partner,Livesql3/reportst.sql
reports,rpt_ValidationPassRate_Dest,Partner,Livesql3/reportst.sql
reports,rpt_ValidationPassRate_Source,Partner,Livesql3/reportst.sql
reports,RTTrans,PartnerCode,Livesql3/reportst.sql
reports,SummaryTrans,PartnerID,Livesql3/reportst.sql
reports,temp_DSO_Claims,PartnerTranTypeID,Livesql3/reportst.sql
reports,temp_DSO_Claims,PartnerTranTypeName,Livesql3/reportst.sql
reports,temp_DSO_Claims,SourcePartnerCode,Livesql3/reportst.sql
reports,temp_DSO_Claims,SourcePartnerDescription,Livesql3/reportst.sql
reports,temp_DSO_Claims,DestinationPartnerCode,Livesql3/reportst.sql
reports,temp_DSO_Claims,DestinationPartnerDescription,Livesql3/reportst.sql
reports,temp_DSO_Claims,MasterDestinationPartnerCode,Livesql3/reportst.sql
reports,temp_DSO_Claims,MasterDestinationPartnerDescription,Livesql3/reportst.sql
reports,temp_DSO_Claims,PartnerTranSubTypeID,Livesql3/reportst.sql
reports,temp_DSO_Claims,PartnerTranSubTypeName,Livesql3/reportst.sql
reports,temp_DSO_Claims_TransactionEvents,PartnerTranSubTypeID,Livesql3/reportst.sql
reports,temp_DSO_Claims_TransactionEvents,PartnerTranSubTypeName,Livesql3/reportst.sql
reports,temp_DSO_Cred,PartnerTranTypeID,Livesql3/reportst.sql
reports,temp_DSO_Cred,PartnerTranTypeName,Livesql3/reportst.sql
reports,temp_DSO_Cred,SourcePartnerCode,Livesql3/reportst.sql
reports,temp_DSO_Cred,SourcePartnerDescription,Livesql3/reportst.sql
reports,temp_DSO_Cred,DestinationPartnerCode,Livesql3/reportst.sql
reports,temp_DSO_Cred,DestinationPartnerDescription,Livesql3/reportst.sql
reports,temp_DSO_Cred,MasterDestinationPartnerCode,Livesql3/reportst.sql
reports,temp_DSO_Cred,MasterDestinationPartnerDescription,Livesql3/reportst.sql
reports,temp_DSO_Cred,PartnerTranSubTypeID,Livesql3/reportst.sql
reports,temp_DSO_Cred,PartnerTranSubTypeName,Livesql3/reportst.sql
reports,temp_DSO_ERA,PartnerTranTypeID,Livesql3/reportst.sql
reports,temp_DSO_ERA,PartnerTranTypeName,Livesql3/reportst.sql
reports,temp_DSO_ERA,SourcePartnerCode,Livesql3/reportst.sql
reports,temp_DSO_ERA,SourcePartnerDescription,Livesql3/reportst.sql
reports,temp_DSO_ERA,DestinationPartnerCode,Livesql3/reportst.sql
reports,temp_DSO_ERA,DestinationPartnerDescription,Livesql3/reportst.sql
reports,temp_DSO_ERA,MasterDestinationPartnerCode,Livesql3/reportst.sql
reports,temp_DSO_ERA,MasterDestinationPartnerDescription,Livesql3/reportst.sql
reports,temp_DSO_ERA,PartnerTranSubTypeID,Livesql3/reportst.sql
reports,temp_DSO_ERA,PartnerTranSubTypeName,Livesql3/reportst.sql
reports,temp_DSO_PatStmt,PartnerTranTypeID,Livesql3/reportst.sql
reports,temp_DSO_PatStmt,PartnerTranTypeName,Livesql3/reportst.sql
reports,temp_DSO_PatStmt,SourcePartnerCode,Livesql3/reportst.sql
reports,temp_DSO_PatStmt,SourcePartnerDescription,Livesql3/reportst.sql
reports,temp_DSO_PatStmt,DestinationPartnerCode,Livesql3/reportst.sql
reports,temp_DSO_PatStmt,DestinationPartnerDescription,Livesql3/reportst.sql
reports,temp_DSO_PatStmt,MasterDestinationPartnerCode,Livesql3/reportst.sql
reports,temp_DSO_PatStmt,MasterDestinationPartnerDescription,Livesql3/reportst.sql
reports,temp_DSO_PatStmt,PartnerTranSubTypeID,Livesql3/reportst.sql
reports,temp_DSO_PatStmt,PartnerTranSubTypeName,Livesql3/reportst.sql
reports,temp_DSO_RTClaims,PartnerTranTypeID,Livesql3/reportst.sql
reports,temp_DSO_RTClaims,PartnerTranTypeName,Livesql3/reportst.sql
reports,temp_DSO_RTClaims,SourcePartnerCode,Livesql3/reportst.sql
reports,temp_DSO_RTClaims,SourcePartnerDescription,Livesql3/reportst.sql
reports,temp_DSO_RTClaims,DestinationPartnerCode,Livesql3/reportst.sql
reports,temp_DSO_RTClaims,DestinationPartnerDescription,Livesql3/reportst.sql
reports,temp_DSO_RTClaims,MasterDestinationPartnerCode,Livesql3/reportst.sql
reports,temp_DSO_RTClaims,MasterDestinationPartnerDescription,Livesql3/reportst.sql
reports,temp_DSO_RTClaims,PartnerTranSubTypeID,Livesql3/reportst.sql
reports,temp_DSO_RTClaims,PartnerTranSubTypeName,Livesql3/reportst.sql
reports,temp_DSO_RTCount,PartnerTranTypeID,Livesql3/reportst.sql
reports,temp_DSO_RTCount,PartnerTranTypeName,Livesql3/reportst.sql
reports,temp_DSO_RTCount,SourcePartnerCode,Livesql3/reportst.sql
reports,temp_DSO_RTCount,SourcePartnerDescription,Livesql3/reportst.sql
reports,temp_DSO_RTCount,DestinationPartnerCode,Livesql3/reportst.sql
reports,temp_DSO_RTCount,DestinationPartnerDescription,Livesql3/reportst.sql
reports,temp_DSO_RTCount,MasterDestinationPartnerCode,Livesql3/reportst.sql
reports,temp_DSO_RTCount,MasterDestinationPartnerDescription,Livesql3/reportst.sql
reports,temp_DSO_RTCount,PartnerTranSubTypeID,Livesql3/reportst.sql
reports,temp_DSO_RTCount,PartnerTranSubTypeName,Livesql3/reportst.sql
reports,temp_DSO_Subscription_ClientSubscriptionEvents,PartnerID,Livesql3/reportst.sql
reports,temptom,SourcePartnerCode,Livesql3/reportst.sql
reports,temptom,DestPartnerCode,Livesql3/reportst.sql
reports,temptom,PartnerAccountNumber,Livesql3/reportst.sql
reports,Test_PartnerStatementItem,PartnerStatementItemID,Livesql3/reportst.sql
reports,Test_PartnerStatementItem,PartnerCode,Livesql3/reportst.sql
reports,Test_PartnerStatementItem,RMSrcAmtPartner,Livesql3/reportst.sql
reports,Test_PartnerStatementItem,InvoicedPartnerCode,Livesql3/reportst.sql
reports,Test_PartnerStatementItem,PartnerPriceID,Livesql3/reportst.sql
reports,Test_PayerPartnerTrans,PayerPartnerTransID,Livesql3/reportst.sql
reports,Test_PayerPartnerTrans,SourcePartnerCode,Livesql3/reportst.sql
reports,Test_PayerPartnerTrans,DestPartnerCode,Livesql3/reportst.sql
reports,Test_PayerPartnerTrans,MasterDestPartnerCode,Livesql3/reportst.sql
reports,Test_PayerPartnerTrans,PartnerTranSubType,Livesql3/reportst.sql
reports,Test_PayerProviderTrans,PartnerTranTypeID,Livesql3/reportst.sql
reports,Test_PayerProviderTrans,SourcePartnerCode,Livesql3/reportst.sql
reports,Test_PayerProviderTrans,DestPartnerCode,Livesql3/reportst.sql
reports,tomtemp28,SourcePartnerCode,Livesql3/reportst.sql
reports,tomtemp28,DestPartnerCode,Livesql3/reportst.sql
reports,tomtemp28,PartnerAccountNumber,Livesql3/reportst.sql
reports,VIPBillingGPStage1,DestinationPartner,Livesql3/reportst.sql
reports,VIPBillingGPStage1,SourcePartnerCode,Livesql3/reportst.sql
reports,VIPBillingGPStage1Arch,DestinationPartner,Livesql3/reportst.sql
reports,VIPBillingGPStage1Arch,SourcePartnerCode,Livesql3/reportst.sql
reports,VIPBillingGPStageArchive,DestinationPartner,Livesql3/reportst.sql
reports,VIPBillingGPStageArchive,SourcePartnerCode,Livesql3/reportst.sql
reports,VipCredTemp,DestinationPartner,Livesql3/reportst.sql
reports,VipCredTemp,SourcePartnerCode,Livesql3/reportst.sql
reports,balclaims,destpartnercode,Livesql3/reportst.sql
reports,ClaimPaymentRegistrationRemoval,sourcepartnercode,Livesql3/reportst.sql
reports,ClaimPaymentRegistrationRemoval,destpartnercode,Livesql3/reportst.sql
reports,DeltaERAPaymentUtilization,PartnerCode,Livesql3/reportst.sql
reports,GPManualBillItems,PartnerStatementItemID,Livesql3/reportst.sql
reports,GPManualBillItems,partnercode,Livesql3/reportst.sql
reports,nea201206,partnercode,Livesql3/reportst.sql
reports,NEADataAll,DestPartnerCode,Livesql3/reportst.sql
reports,NEADataAll,PartnerPartnerCode,Livesql3/reportst.sql
reports,NEAStatementItems,partnercode,Livesql3/reportst.sql
reports,NEAStatementItems,partnerstatementloadeddate,Livesql3/reportst.sql
reports,PartnerPortalMonthlyRpt,PartnerID,Livesql3/reportst.sql
reports,PartnerStatementItemCredits,PartnerStatementItemID,Livesql3/reportst.sql
reports,PartnerStatementItemCredits,PartnerCode,Livesql3/reportst.sql
reports,PartnerStatementItemCredits,RMSrcAmtPartner,Livesql3/reportst.sql
reports,TempDenticonUsers,PartnerID,Livesql3/reportst.sql
reports,tomdcp20110404load,SourcePartnerCode,Livesql3/reportst.sql
reports,tomdcp20110404load,DestPartnerCode,Livesql3/reportst.sql
reports,tomdcp20110404load,PartnerAccountNumber,Livesql3/reportst.sql
reports,WesternUsers,PartnerID,Livesql3/reportst.sql
dea,Attachment,SourcePartnerCode,Livesql3/dea.sql
dea,Attachment,DestPartnerCode,Livesql3/dea.sql
dea,Attachment,PartnerClaimID,Livesql3/dea.sql
dea,Attachment,PartnerAttachmentID,Livesql3/dea.sql
dea,AttachmentHistory,DestPartnerCode,Livesql3/dea.sql
dxcps,FD_GlobalBIN,DebitNetwork_PINlessIndicator,Livesql3/dxcps.sql
dxcps,FD_GlobalBIN,DebitSignatureNetworkParticipant,Livesql3/dxcps.sql
dxcps,FD_GlobalBIN,IssuingNetwork,Livesql3/dxcps.sql
